Date,open,close,high,low,volumn,price_change,day
2015-11-03,276.25,274,284.85,272.15,4770000,0.0214,2015-11-03
2015-11-04,281.6,277.45,283.5,275.1,1850000,0.0194,2015-11-04
2015-11-05,277,280.95,281.4,276,785960,-0.0163,2015-11-05
2015-11-06,271.05,279,279,270,521580,-0.0215,2015-11-06
2015-11-09,273.9,266.5,276,253.6,603100,0.0105,2015-11-09
2015-11-10,269.8,276.1,280.5,267.8,564760,-0.015,2015-11-10
2015-11-11,273.55,273.9,275.6,273,89580,0.0139,2015-11-11
2015-11-13,265.8,271.5,271.95,263.5,264880,-0.0283,2015-11-13
2015-11-16,268.05,266,274.7,260.05,534430,0.0085,2015-11-16
2015-11-17,265.55,270.1,274.4,264.55,354950,-0.0093,2015-11-17
2015-11-18,261.3,265.9,267.7,260.25,236270,-0.016,2015-11-18
2015-11-19,260.55,263,263.75,259.25,269160,-0.0029,2015-11-19
2015-11-20,259.15,261.6,266,258.5,252000,-0.0054,2015-11-20
2015-11-23,264.85,260,267.5,257.5,413190,0.022,2015-11-23
2015-11-24,266.4,265.8,270,262.05,298580,0.0059,2015-11-24
2015-11-26,266.3,268.4,269.4,264,172030,-0.0004,2015-11-26
2015-11-27,258.25,267,267.05,257.15,644850,-0.0302,2015-11-27
2015-11-30,255.35,259.8,261.75,254,447110,-0.0112,2015-11-30
2015-12-01,257.75,255.75,264.4,255.5,578650,0.0094,2015-12-01
2015-12-02,257.5,258.5,262,256.25,195140,-0.001,2015-12-02
2015-12-03,261.85,258.4,264.9,257.5,426130,0.0169,2015-12-03
2015-12-04,254.8,260.1,261.35,253.2,192550,-0.0269,2015-12-04
2015-12-07,253.25,256.7,258.85,252.5,112650,-0.0061,2015-12-07
2015-12-08,257.25,257,267.5,255,1240000,0.0158,2015-12-08
2015-12-09,252.95,257.45,261.4,252,260920,-0.0167,2015-12-09
2015-12-10,255.85,254.7,257.9,253,158430,0.0115,2015-12-10
2015-12-11,257.05,255.5,260,254.65,202080,0.0047,2015-12-11
2015-12-14,253.7,256.5,256.5,253.05,100570,-0.013,2015-12-14
2015-12-15,272.8,252.5,275,252.5,1540000,0.0753,2015-12-15
2015-12-16,270.25,275,278.4,269.85,377780,-0.0093,2015-12-16
2015-12-17,283.3,271.95,284.9,270.5,1220000,0.0483,2015-12-17
2015-12-18,285.65,281.9,290,281.15,998750,0.0083,2015-12-18
2015-12-21,285.2,284.5,288.4,281.55,243330,-0.0016,2015-12-21
2015-12-22,282.85,285.7,287.55,282,197450,-0.0082,2015-12-22
2015-12-23,276.3,283.1,285.2,275.1,199790,-0.0232,2015-12-23
2015-12-24,279.2,276.6,283.5,275,183810,0.0105,2015-12-24
2015-12-28,275.9,280,280.9,275,135550,-0.0118,2015-12-28
2015-12-29,284.95,276.2,286.75,276,385290,0.0328,2015-12-29
2015-12-30,284.7,284.1,297.35,280,869770,-0.0009,2015-12-30
2015-12-31,283.75,282,286.9,281.8,179010,-0.0033,2015-12-31
2016-01-01,288.05,284.4,291.2,283.3,215730,0.0152,2016-01-01
2016-01-04,280.45,287.8,288,277.65,162530,-0.0264,2016-01-04
2016-01-05,282.45,282,288,278.1,173480,0.0071,2016-01-05
2016-01-06,274.3,282.55,286,272.2,206550,-0.0289,2016-01-06
2016-01-07,269.85,270.1,273.8,267.1,187070,-0.0162,2016-01-07
2016-01-08,273,272.3,279,267.45,271410,0.0117,2016-01-08
2016-01-11,267.75,269.95,273,267,121690,-0.0192,2016-01-11
2016-01-12,265.8,268.05,271.95,264.1,113800,-0.0073,2016-01-12
2016-01-13,259.55,268.4,269,256.5,209650,-0.0235,2016-01-13
2016-01-14,255.6,256.8,260.1,254,110290,-0.0152,2016-01-14
2016-01-15,253.75,257.95,261.85,252.1,134160,-0.0072,2016-01-15
2016-01-18,243.5,251,251.85,242.05,120840,-0.0404,2016-01-18
2016-01-19,243.8,237.2,249.2,237.2,108270,0.0012,2016-01-19
2016-01-20,243.65,241.8,245.55,239.05,190500,-0.0006,2016-01-20
2016-01-21,246.35,243.85,248.35,241.55,414910,0.0111,2016-01-21
2016-01-22,250.3,248.1,254.9,247,156260,0.016,2016-01-22
2016-01-25,248.65,251.1,254.2,242.5,49560,-0.0066,2016-01-25
2016-01-27,247.55,248.95,250.95,245.15,60760,-0.0044,2016-01-27
2016-01-28,252.8,248,254.5,244,318560,0.0212,2016-01-28
2016-01-29,263.3,251.95,267,249,1050000,0.0415,2016-01-29
2016-02-01,259.9,263.1,265,258.1,131640,-0.0129,2016-02-01
2016-02-02,250.55,259.15,259.55,248.2,132350,-0.036,2016-02-02
2016-02-03,246.05,247.1,250.45,242.5,96560,-0.018,2016-02-03
2016-02-04,244.95,246.85,249.8,243.2,50560,-0.0045,2016-02-04
2016-02-05,246.2,241,250.5,241,154640,0.0051,2016-02-05
2016-02-08,245.8,247,248.75,243.8,37500,-0.0016,2016-02-08
2016-02-09,243.25,244.7,246.5,241.1,38520,-0.0104,2016-02-09
2016-02-10,242.5,244.05,244.45,240,101450,-0.0031,2016-02-10
2016-02-11,225.2,242.5,243.9,223,163110,-0.0713,2016-02-11
2016-02-12,222.45,229.65,230,220.1,236650,-0.0122,2016-02-12
2016-02-15,224.75,225,230,224.1,166780,0.0103,2016-02-15
2016-02-16,225.15,225.3,228.8,223,174120,0.0018,2016-02-16
2016-02-17,228,227,238.4,221.15,239980,0.0127,2016-02-17
2016-02-18,225.15,230.8,230.8,221.1,126560,-0.0125,2016-02-18
2016-02-19,225.85,227.8,230,224.3,138100,0.0031,2016-02-19
2016-02-22,225.15,229.9,229.9,225,89710,-0.0031,2016-02-22
2016-02-23,225,225.05,226.9,223.9,95410,-0.0007,2016-02-23
2016-02-24,225.1,221.85,226.9,221.85,64570,0.0004,2016-02-24
2016-02-25,225.3,225.2,226.85,222.1,42550,0.0009,2016-02-25
2016-02-26,225.1,226.7,228.85,224,89130,-0.0009,2016-02-26
2016-02-29,222.05,225.2,226,218.7,142080,-0.0135,2016-02-29
2016-03-01,225.05,226.5,226.5,223.1,62890,0.0135,2016-03-01
2016-03-02,228.55,227.5,237.5,226.5,67410,0.0156,2016-03-02
2016-03-03,232.2,228.7,237.15,227.95,66790,0.016,2016-03-03
2016-03-04,237.05,231.15,240,231.1,82270,0.0209,2016-03-04
2016-03-08,234.25,234.15,239.8,233,103640,-0.0118,2016-03-08
2016-03-09,231.05,236.1,236.1,230,83680,-0.0137,2016-03-09
2016-03-10,226.35,231.95,234.45,225,62040,-0.0203,2016-03-10
2016-03-11,225.3,227.25,230,225,48690,-0.0046,2016-03-11
2016-03-14,225.1,225,229,225,73020,-0.0009,2016-03-14
2016-03-15,224.85,225.05,227.4,222,190190,-0.0011,2016-03-15
2016-03-16,225.05,224.1,226.5,224.1,28570,0.0009,2016-03-16
2016-03-17,228.3,226,240,225.25,847370,0.0144,2016-03-17
2016-03-18,232.8,228.5,233.95,228.5,78190,0.0197,2016-03-18
2016-03-21,229.5,234.2,235.25,228,30600,-0.0142,2016-03-21
2016-03-22,228.45,229.75,233.3,227.1,44720,-0.0046,2016-03-22
2016-03-23,226.15,226.1,229.9,225.95,30970,-0.0101,2016-03-23
2016-03-28,225,227,228.9,224,52140,-0.0051,2016-03-28
2016-03-29,224.55,225,228,220.5,181480,-0.002,2016-03-29
2016-03-30,225,225,226.6,224.05,77500,0.002,2016-03-30
2016-03-31,225.45,225.1,230.5,222.6,133090,0.002,2016-03-31
2016-04-01,228.6,223.25,231.15,223.25,52190,0.014,2016-04-01
2016-04-04,227.1,226.25,232,226.25,46760,-0.0066,2016-04-04
2016-04-05,226.55,224,228.5,224,25810,-0.0024,2016-04-05
2016-04-06,229.9,224.05,233.9,224.05,63720,0.0148,2016-04-06
2016-04-07,227.95,229.95,230.55,226.7,19450,-0.0085,2016-04-07
2016-04-08,234.65,228,236,226.4,84220,0.0294,2016-04-08
2016-04-11,233.8,235,236.3,231.05,24360,-0.0036,2016-04-11
2016-04-12,231.15,232.4,235,230.05,52240,-0.0113,2016-04-12
2016-04-13,233.85,233,235.9,231.7,37360,0.0117,2016-04-13
2016-04-18,232.55,235,235.9,231.75,27690,-0.0056,2016-04-18
2016-04-20,246.3,230.4,250.5,230.4,288250,0.0591,2016-04-20
2016-04-21,245.05,245.15,249.55,243.2,56970,-0.0051,2016-04-21
2016-04-22,241.9,246.3,246.3,240,32500,-0.0129,2016-04-22
2016-04-25,239.95,240.05,244.8,238.1,39960,-0.0081,2016-04-25
2016-04-26,235.3,240.05,241.5,235,33500,-0.0194,2016-04-26
2016-04-27,270.8,236,275,234.1,1270000,0.1509,2016-04-27
2016-04-28,261.95,272.5,273.5,255.3,359970,-0.0327,2016-04-28
2016-04-29,259.2,260.55,268.7,256.45,123560,-0.0105,2016-04-29
2016-05-02,261.65,257.25,266.9,257.25,111600,0.0095,2016-05-02
2016-05-03,261.7,265.3,267.4,260,148800,0.0002,2016-05-03
2016-05-04,254.2,261,261.05,253.1,47200,-0.0287,2016-05-04
2016-05-05,266.55,255.05,270.95,246.1,218960,0.0486,2016-05-05
2016-05-06,260.6,264,266.5,260,56690,-0.0223,2016-05-06
2016-05-09,260.5,255,265,255,33690,-0.0004,2016-05-09
2016-05-10,264.95,261.65,271.65,257,127510,0.0171,2016-05-10
2016-05-11,262.05,262,266.25,259.25,43580,-0.0109,2016-05-11
2016-05-12,264.45,262.1,267.5,262.1,43160,0.0092,2016-05-12
2016-05-13,266.8,264.7,271.8,260.6,162680,0.0089,2016-05-13
2016-05-16,265.8,268,269,262.2,45030,-0.0037,2016-05-16
2016-05-17,265.45,267.5,269.9,265,50660,-0.0013,2016-05-17
2016-05-18,264.65,263.35,268,260,35590,-0.003,2016-05-18
2016-05-19,265.35,267,274,264.6,154610,0.0026,2016-05-19
2016-05-20,262.45,264.7,276.75,258.2,760330,-0.0109,2016-05-20
2016-05-23,261.15,268,269.9,258.1,62840,-0.005,2016-05-23
2016-05-24,253.65,264.6,264.6,250.2,49800,-0.0287,2016-05-24
2016-05-25,255.55,255.9,260.7,254.05,59880,0.0075,2016-05-25
2016-05-26,258.55,257,259.9,255.1,28330,0.0117,2016-05-26
2016-05-27,254.45,258,261,254.25,29450,-0.0159,2016-05-27
2016-05-30,255.75,254,259.55,250.3,51500,0.0051,2016-05-30
2016-05-31,267.9,257.9,271.5,257,415800,0.0475,2016-05-31
2016-06-01,264.95,265.5,269.8,263,31910,-0.011,2016-06-01
2016-06-02,261.5,261.45,265,260.1,29580,-0.013,2016-06-02
2016-06-03,256.45,261.6,264.85,255.2,49990,-0.0193,2016-06-03
2016-06-06,261.15,260,274.9,259.5,118130,0.0183,2016-06-06
2016-06-07,258.55,262.05,263.15,258,29380,-0.01,2016-06-07
2016-06-08,256.5,258.7,260.5,255,59760,-0.0079,2016-06-08
2016-06-09,256.85,258,262.5,256.2,45090,0.0014,2016-06-09
2016-06-10,255.55,259.05,260,254.5,57370,-0.0051,2016-06-10
2016-06-13,253.45,258,263.75,251,230710,-0.0082,2016-06-13
2016-06-14,253.05,255.7,261,252.25,91640,-0.0016,2016-06-14
2016-06-15,253,254.15,256.6,252.1,42600,-0.0002,2016-06-15
2016-06-16,252.8,254,255.85,252,43700,-0.0008,2016-06-16
2016-06-17,253.65,254.9,255.95,252.1,44700,0.0034,2016-06-17
2016-06-20,256.05,252,259.7,250.7,98390,0.0095,2016-06-20
2016-06-21,252.1,256.95,256.95,251.3,500990,-0.0154,2016-06-21
2016-06-22,254.2,252.5,262.3,252.5,472380,0.0083,2016-06-22
2016-06-23,250.7,255,256.7,245.5,119820,-0.0138,2016-06-23
2016-06-24,243.65,247.85,263,235.3,132170,-0.0281,2016-06-24
2016-06-27,248.4,243.65,252.05,243.65,58330,0.0195,2016-06-27
2016-06-28,250.05,249,253.3,248,76640,0.0066,2016-06-28
2016-06-29,252.3,252.35,256.85,251.55,83310,0.009,2016-06-29
2016-06-30,255.5,254.6,257,254.5,82430,0.0127,2016-06-30
2016-07-01,259.8,257.85,265.2,250.3,203130,0.0168,2016-07-01
2016-07-04,259.6,261.45,263.5,256.8,71940,-0.0008,2016-07-04
2016-07-05,257.45,260.1,261,256.6,44680,-0.0083,2016-07-05
2016-07-07,252.9,258,260,252.1,123040,-0.0177,2016-07-07
2016-07-08,251.65,253,255.9,251,45530,-0.0049,2016-07-08
2016-07-11,251.15,253.75,254.7,250.5,65110,-0.002,2016-07-11
2016-07-12,250.25,251.5,253.9,249.25,41930,-0.0036,2016-07-12
2016-07-13,247.65,250.65,252.5,245.65,48530,-0.0104,2016-07-13
2016-07-14,245.15,247.55,249.5,244.5,58800,-0.0101,2016-07-14
2016-07-15,241.75,246.7,247,241.25,108520,-0.0139,2016-07-15
2016-07-18,236.85,243.9,243.9,235.75,54620,-0.0203,2016-07-18
2016-07-19,231.2,230,236,230,184800,-0.0239,2016-07-19
2016-07-20,232,232.2,234.5,231,93280,0.0035,2016-07-20
2016-07-21,244,233,246.5,232,1070000,0.0517,2016-07-21
2016-07-22,251.3,246,255,245.95,261780,0.0299,2016-07-22
2016-07-25,252.7,251.6,258.1,247.3,130820,0.0056,2016-07-25
2016-07-26,245.2,253.95,253.95,244.7,104010,-0.0297,2016-07-26
2016-07-27,245.4,246,250.5,244,71710,0.0008,2016-07-27
2016-07-28,246.3,246,255.4,242,132540,0.0037,2016-07-28
2016-07-29,244.9,246.9,248.8,243,39620,-0.0057,2016-07-29
2016-08-01,242.45,244.5,248,242,37880,-0.01,2016-08-01
2016-08-02,241.3,242,247.55,240.1,52860,-0.0047,2016-08-02
2016-08-03,237.25,241.3,244.85,235.6,69150,-0.0168,2016-08-03
2016-08-04,237.1,237.25,240.6,236.6,25000,-0.0006,2016-08-04
2016-08-05,238.65,236.1,241.8,236.1,61280,0.0065,2016-08-05
2016-08-08,243.65,240,245.9,239,59440,0.021,2016-08-08
2016-08-09,241.15,243.8,245.8,240.1,28710,-0.0103,2016-08-09
2016-08-10,237.35,241.5,243.9,236.2,26650,-0.0158,2016-08-10
2016-08-11,238.95,238,243,235.7,53010,0.0067,2016-08-11
2016-08-12,236.5,245,245,235.1,154650,-0.0103,2016-08-12
2016-08-16,235.35,235,238.95,235,24610,-0.0049,2016-08-16
2016-08-17,238.05,235,239.6,235,63170,0.0115,2016-08-17
2016-08-18,241,241.1,242,237.55,53770,0.0124,2016-08-18
2016-08-19,240.75,241,245.45,240,63850,-0.001,2016-08-19
2016-08-22,237.05,239.55,242.1,235.85,93150,-0.0154,2016-08-22
2016-08-23,246.75,237.9,248.7,234.3,159570,0.0409,2016-08-23
2016-08-24,252.4,243.5,257.8,243.5,284060,0.0229,2016-08-24
2016-08-25,253.9,252.75,260.8,251.2,129930,0.0059,2016-08-25
2016-08-26,250.15,254.5,254.95,248.1,61440,-0.0148,2016-08-26
2016-08-29,243.7,250,251,241.85,34140,-0.0258,2016-08-29
2016-08-30,244.5,242.6,247.05,242.6,47070,0.0033,2016-08-30
2016-08-31,246.1,242,247.9,241,59670,0.0065,2016-08-31
2016-09-01,245.2,244.4,254,243.8,56830,-0.0037,2016-09-01
2016-09-02,243.05,246,247.2,242.1,27710,-0.0088,2016-09-02
2016-09-06,240.65,243.2,245,240.1,50400,-0.0099,2016-09-06
2016-09-07,238.35,242.4,243,237.5,61720,-0.0096,2016-09-07
2016-09-08,240.4,237,242.8,237,74050,0.0086,2016-09-08
2016-09-09,238.3,240.05,241.8,238.15,33100,-0.0087,2016-09-09
2016-09-12,235,235.95,237.9,234.4,39720,-0.0138,2016-09-12
2016-09-14,238.55,235.15,240.55,235.1,62460,0.0151,2016-09-14
2016-09-15,238.45,236.6,241,236.6,43590,-0.0004,2016-09-15
2016-09-16,235.95,238.45,239.95,235,66160,-0.0105,2016-09-16
2016-09-19,234.2,237,237,234,39700,-0.0074,2016-09-19
2016-09-20,232.7,234,236.9,231.5,50830,-0.0064,2016-09-20
2016-09-21,231.55,233.8,234.9,231.5,57620,-0.0049,2016-09-21
2016-09-22,231.5,232.5,234.5,230.5,45100,-0.0002,2016-09-22
2016-09-23,228.95,233.5,233.5,228.2,65240,-0.011,2016-09-23
2016-09-26,225.35,229.5,230,224.9,146790,-0.0157,2016-09-26
2016-09-27,224.8,226.95,228,224,53710,-0.0024,2016-09-27
2016-09-28,225,226.7,228,224.1,181330,0.0009,2016-09-28
2016-09-29,222.3,226.05,227.15,219,407820,-0.012,2016-09-29
2016-09-30,225.1,222,226,215.6,176190,0.0126,2016-09-30
2016-10-03,228.45,226.2,230,226,56660,0.0149,2016-10-03
2016-10-04,226.7,229.3,229.5,225.75,22560,-0.0077,2016-10-04
2016-10-05,232.15,227.8,234.6,225,108330,0.024,2016-10-05
2016-10-06,229.15,233,234.7,228.1,48730,-0.0129,2016-10-06
2016-10-07,225.75,229.5,230,225,73810,-0.0148,2016-10-07
2016-10-10,225.1,226.05,227.5,221.5,22970,-0.0029,2016-10-10
2016-10-13,225.5,227.3,227.3,224.2,27700,0.0018,2016-10-13
2016-10-14,227.35,224.55,232.65,224.55,57600,0.0082,2016-10-14
2016-10-17,225.7,225.5,231.4,225.2,50890,-0.0073,2016-10-17
2016-10-18,226.75,225.95,228.3,225.5,152190,0.0047,2016-10-18
2016-10-19,228.85,227.3,231.2,227,103900,0.0093,2016-10-19
2016-10-20,227.45,229.1,231.75,227,580270,-0.0061,2016-10-20
2016-10-21,227.55,227.25,230.5,226.55,620930,0.0004,2016-10-21
2016-10-24,224.8,227.15,228.3,224.4,69760,-0.0121,2016-10-24
2016-10-25,224.3,224,225.9,223.4,260780,-0.0022,2016-10-25
2016-10-26,223,223,224.9,222.5,145690,-0.0058,2016-10-26
2016-10-27,221.9,222.5,223.85,220.7,79920,-0.0049,2016-10-27
2016-10-28,222.05,221.2,225.4,220,44010,0.0007,2016-10-28
2016-10-30,223.75,227,227,222,13880,0.0077,2016-10-30
2016-11-01,224.25,225.5,225.5,221.5,72290,0.0022,2016-11-01
2016-11-02,221.7,223.75,229.25,221.05,73220,-0.0114,2016-11-02
2016-11-03,221.95,220.1,223.5,220.1,47840,0.0011,2016-11-03
2016-11-04,218.1,222,222.95,215,93290,-0.0173,2016-11-04
2016-11-07,218.05,220.15,222.1,218,36730,-0.0002,2016-11-07
2016-11-08,223.8,218.45,225,217.65,79490,0.0264,2016-11-08
2016-11-09,214.85,206.1,218.5,205,82770,-0.04,2016-11-09
2016-11-10,220.8,222,223.15,216.55,51300,0.0277,2016-11-10
2016-11-11,217.95,220.8,220.8,216.4,38880,-0.0129,2016-11-11
2016-11-15,209.55,221.4,222,208.8,94700,-0.0385,2016-11-15
2016-11-16,211.25,217,217.45,205,122020,0.0081,2016-11-16
2016-11-17,208.7,215.7,215.7,206.75,37630,-0.0121,2016-11-17
2016-11-18,207.85,208.85,210.05,205.3,53670,-0.0041,2016-11-18
2016-11-21,200.75,209,209,200.1,66770,-0.0342,2016-11-21
2016-11-22,200.3,201.15,205.3,198.4,52150,-0.0022,2016-11-22
2016-11-23,200.65,202,202,200,42150,0.0017,2016-11-23
2016-11-24,200.25,201,202.5,199.8,115440,-0.002,2016-11-24
2016-11-25,201.5,200,202.7,199.8,22420,0.0062,2016-11-25
2016-11-28,205.5,201.9,207.45,200.1,30420,0.0199,2016-11-28
2016-11-29,204.9,208,208,204.1,43820,-0.0029,2016-11-29
2016-11-30,209.85,206.15,210,205.15,67100,0.0242,2016-11-30
2016-12-01,206.45,208.35,212.05,205,21820,-0.0162,2016-12-01
2016-12-02,205.5,204.75,208.85,204.5,14690,-0.0046,2016-12-02
2016-12-05,203,207.3,211.5,200.1,58420,-0.0122,2016-12-05
2016-12-06,203.75,205.25,206.25,202.1,62530,0.0037,2016-12-06
2016-12-07,204,204,206.8,203.1,19800,0.0012,2016-12-07
2016-12-08,204.45,205.6,206.5,204,14540,0.0022,2016-12-08
2016-12-09,204.65,205,206.6,204.1,19180,0.001,2016-12-09
2016-12-12,200.1,205,207.8,199.5,78660,-0.0222,2016-12-12
2016-12-13,200.05,201.85,203.05,199.75,47900,-0.0002,2016-12-13
2016-12-14,199.8,200.75,203,198.9,42780,-0.0012,2016-12-14
2016-12-15,197.35,199.85,202.5,196.65,97190,-0.0123,2016-12-15
2016-12-16,199.85,197.6,204.5,197.3,445740,0.0127,2016-12-16
2016-12-19,197.1,195,199,195,25390,-0.0138,2016-12-19
2016-12-20,196.15,198,199.7,196,37150,-0.0048,2016-12-20
2016-12-21,196,197.6,209.65,195.1,691910,-0.0008,2016-12-21
2016-12-22,196.15,196.3,199.95,195.15,74430,0.0008,2016-12-22
2016-12-23,197.3,197.3,199.45,195,81180,0.0059,2016-12-23
2016-12-26,193.85,195.15,197.7,192.35,67530,-0.0175,2016-12-26
2016-12-27,192.3,194,194,190.2,50210,-0.008,2016-12-27
2016-12-28,195.6,190.5,197.9,190.5,41600,0.0172,2016-12-28
2016-12-29,198.85,195.5,204,194.1,998420,0.0166,2016-12-29
2016-12-30,198.25,197.9,203,197.4,737540,-0.003,2016-12-30
2017-01-02,196.55,199.85,200.4,195.7,37420,-0.0086,2017-01-02
2017-01-03,198.95,197.75,201.9,196.55,92330,0.0122,2017-01-03
2017-01-04,197.65,198.5,199.85,197.05,29670,-0.0065,2017-01-04
2017-01-05,198.85,199.5,199.6,198.1,37980,0.0061,2017-01-05
2017-01-06,196.75,199.9,199.9,196.5,37520,-0.0106,2017-01-06
2017-01-09,196.6,198,198,196.05,39410,-0.0008,2017-01-09
2017-01-10,198.9,196.65,208.4,196.2,339500,0.0117,2017-01-10
2017-01-11,199.1,202,202,198.55,125100,0.001,2017-01-11
2017-01-12,198.8,199.95,200.85,198.1,96720,-0.0015,2017-01-12
2017-01-13,197.95,198.6,200.5,197.55,82920,-0.0043,2017-01-13
2017-01-16,197.95,198.05,198.95,197.05,92980,0,2017-01-16
2017-01-17,198.6,197.05,199.9,197.05,111650,0.0033,2017-01-17
2017-01-18,197.6,199,200,197.25,45450,-0.005,2017-01-18
2017-01-19,197.55,199,199,197.2,57080,-0.0003,2017-01-19
2017-01-20,197.4,198,199.15,197.05,72180,-0.0008,2017-01-20
2017-01-23,197.6,197.45,198.65,197.05,34560,0.001,2017-01-23
2017-01-24,197.35,197.25,198.45,197.1,40050,-0.0013,2017-01-24
2017-01-25,202.4,198,205.95,197.6,182880,0.0256,2017-01-25
2017-01-27,200.3,202,204.2,199.5,354190,-0.0104,2017-01-27
2017-01-30,200.55,200.15,203.15,199.6,128850,0.0012,2017-01-30
2017-01-31,198.85,200.55,203,198,92980,-0.0085,2017-01-31
2017-02-01,199.35,198.15,200.6,198.15,57660,0.0025,2017-02-01
2017-02-02,199.6,198.25,203,198.25,135210,0.0013,2017-02-02
2017-02-03,199.85,200.3,202.45,199.1,221390,0.0013,2017-02-03
2017-02-06,199.75,202,203.65,199.4,247210,-0.0005,2017-02-06
2017-02-07,199.05,202,202.8,198.5,241370,-0.0035,2017-02-07
2017-02-08,202.75,201.65,209,200,852300,0.0186,2017-02-08
2017-02-09,224.6,207,227,203.8,2280000,0.1078,2017-02-09
2017-02-10,229.55,225,233.55,222,968830,0.022,2017-02-10
2017-02-13,238.35,230.8,240.7,223.3,790130,0.0383,2017-02-13
2017-02-14,234.3,237,243.5,231.6,421440,-0.017,2017-02-14
2017-02-15,235.5,234.9,244.5,227.7,662390,0.0051,2017-02-15
2017-02-16,238.75,235,241.9,232.5,262400,0.0138,2017-02-16
2017-02-17,241.2,240,245,236,303030,0.0103,2017-02-17
2017-02-20,241.95,242.75,244.8,238,239590,0.0031,2017-02-20
2017-02-21,236.65,243.1,243.1,235.1,90060,-0.0219,2017-02-21
2017-02-22,230.95,236.7,238.9,229.05,117190,-0.0241,2017-02-22
2017-02-23,231.55,235.5,237.4,230.15,101370,0.0026,2017-02-23
2017-02-27,235.25,234.95,237.95,231.95,184090,0.016,2017-02-27
2017-02-28,235.95,233.6,237.95,233.6,68280,0.003,2017-02-28
2017-03-01,234.1,233.65,237.5,233.65,59770,-0.0078,2017-03-01
2017-03-02,234.35,235.55,244.5,233.85,222760,0.0011,2017-03-02
2017-03-03,234.3,233.95,238.95,232.35,66970,-0.0002,2017-03-03
2017-03-06,234.25,234.55,237.2,234,39360,-0.0002,2017-03-06
2017-03-07,234,233.3,236.2,233.3,113870,-0.0011,2017-03-07
2017-03-08,231.8,233.25,234.8,227,133640,-0.0094,2017-03-08
2017-03-09,232.55,232.05,234.4,230,62570,0.0032,2017-03-09
2017-03-10,233.7,234.15,235.6,233,128600,0.0049,2017-03-10
2017-03-14,233.6,239,240,232.6,92860,-0.0004,2017-03-14
2017-03-15,231.9,234,235.2,230.3,56390,-0.0073,2017-03-15
2017-03-16,233.4,232.85,234.65,232.85,60900,0.0065,2017-03-16
2017-03-17,233.65,235.5,235.5,230.95,117990,0.0011,2017-03-17
2017-03-20,233.6,235,235,232.1,47000,-0.0002,2017-03-20
2017-03-21,232.3,232.15,234.15,230.1,42880,-0.0056,2017-03-21
2017-03-22,233.1,230.15,235,230,63220,0.0034,2017-03-22
2017-03-23,241.6,232.05,249.45,232.05,561640,0.0365,2017-03-23
2017-03-24,236.75,239.9,240.75,236.15,78510,-0.0201,2017-03-24
2017-03-27,234,236,238.05,233,60570,-0.0116,2017-03-27
2017-03-28,234.1,235.85,235.9,233.5,69410,0.0004,2017-03-28
2017-03-29,231.7,233.95,236.45,230.5,178350,-0.0103,2017-03-29
2017-03-30,232.6,232.8,234.8,232.1,96780,0.0039,2017-03-30
2017-03-31,232.4,233,233.85,230.15,71350,-0.0009,2017-03-31
2017-04-03,232.4,231.05,234.65,231.05,75610,0,2017-04-03
2017-04-05,232.95,231.95,237.95,231.2,403450,0.0024,2017-04-05
2017-04-06,233.6,233.9,235.9,231.6,215750,0.0028,2017-04-06
2017-04-07,231.75,230.65,235,230.65,159150,-0.0079,2017-04-07
2017-04-10,233.4,233.5,234.7,232,55190,0.0071,2017-04-10
2017-04-11,233.4,232.5,234.6,231.75,72420,0,2017-04-11
2017-04-12,231.25,234.5,234.55,229.3,135190,-0.0092,2017-04-12
2017-04-13,232.7,230.2,236.5,230.2,267580,0.0063,2017-04-13
2017-04-17,234.25,234.7,241.35,232.1,397690,0.0067,2017-04-17
2017-04-18,247.55,233.15,253.8,233.15,913040,0.0568,2017-04-18
2017-04-19,251.15,252.45,258.7,248,479330,0.0145,2017-04-19
2017-04-20,248.95,250.5,255.8,246.45,309070,-0.0088,2017-04-20
2017-04-21,247.95,249.8,253,246.85,62700,-0.004,2017-04-21
2017-04-24,253.7,249.85,256.8,249.8,177440,0.0232,2017-04-24
2017-04-25,248.35,256,256,247,81940,-0.0211,2017-04-25
2017-04-26,249.9,250.3,251,246,125460,0.0062,2017-04-26
2017-04-27,248.35,250,251.2,247.5,43190,-0.0062,2017-04-27
2017-04-28,250.15,248.1,251.9,246.05,71200,0.0072,2017-04-28
2017-05-02,251.2,249,253.6,247.1,78960,0.0042,2017-05-02
2017-05-03,255.8,252,261,251.05,206070,0.0183,2017-05-03
2017-05-04,252.1,258.9,258.9,251.05,45760,-0.0145,2017-05-04
2017-05-05,250.05,254.45,255.9,249,67530,-0.0081,2017-05-05
2017-05-08,250.2,251.75,253,249.8,36340,0.0006,2017-05-08
2017-05-09,252.8,250.2,254.25,249.05,78530,0.0104,2017-05-09
2017-05-10,251.8,252.65,254.4,250.25,35380,-0.004,2017-05-10
2017-05-11,261.95,247,269.5,247,493500,0.0403,2017-05-11
2017-05-12,257.1,261.95,264.4,255.2,87180,-0.0185,2017-05-12
2017-05-15,262.45,259,266.25,258.4,161880,0.0208,2017-05-15
2017-05-16,273.3,261.5,277,259.3,983050,0.0413,2017-05-16
2017-05-17,268.05,274.75,274.75,266.25,144340,-0.0192,2017-05-17
2017-05-18,266.5,264.5,275.5,262.8,313100,-0.0058,2017-05-18
2017-05-19,262.2,272.5,276,261,309510,-0.0161,2017-05-19
2017-05-22,253.65,263.55,268,252.55,83990,-0.0326,2017-05-22
2017-05-23,250.6,250.35,257,245.65,93380,-0.012,2017-05-23
2017-05-24,249.55,251,254.4,248.05,55720,-0.0042,2017-05-24
2017-05-25,253.6,249.5,254.45,245.6,52730,0.0162,2017-05-25
2017-05-26,252.45,253.5,257.05,251.25,50990,-0.0045,2017-05-26
2017-05-29,248.45,253.2,253.7,242.9,42940,-0.0158,2017-05-29
2017-05-30,249.3,249.25,253,245.1,39710,0.0034,2017-05-30
2017-05-31,246.5,248.95,256.95,242.55,421780,-0.0112,2017-05-31
2017-06-01,247.7,246.25,253.2,246.25,27940,0.0049,2017-06-01
2017-06-02,249.4,247.3,253,246.55,30160,0.0069,2017-06-02
2017-06-05,247.55,248,251,247.1,18300,-0.0074,2017-06-05
2017-06-06,248.3,248.05,257,247.3,82070,0.003,2017-06-06
2017-06-07,246.1,249.75,256.5,245.1,101450,-0.0089,2017-06-07
2017-06-08,248.85,247.8,252.8,246.8,50960,0.0112,2017-06-08
2017-06-09,247.95,247.3,250.55,247.05,18990,-0.0036,2017-06-09
2017-06-12,248.55,247,252.4,246.25,26780,0.0024,2017-06-12
2017-06-13,246.35,250.95,250.95,245.7,22820,-0.0089,2017-06-13
2017-06-14,245.95,247.65,249.4,245.15,31620,-0.0016,2017-06-14
2017-06-15,244.65,246.95,248.6,243.25,42780,-0.0053,2017-06-15
2017-06-16,245.85,246.55,247.5,243.1,41470,0.0049,2017-06-16
2017-06-19,252.35,245.2,257.8,243.2,156270,0.0264,2017-06-19
2017-06-20,251.5,255,255.9,250.35,56770,-0.0034,2017-06-20
2017-06-21,249.9,252.35,252.4,247.5,30190,-0.0064,2017-06-21
2017-06-22,248.65,251,251.35,247,47720,-0.005,2017-06-22
2017-06-23,246.1,250,254.05,244,97640,-0.0103,2017-06-23
2017-06-27,240.95,246.5,246.5,240.1,43880,-0.0209,2017-06-27
2017-06-28,242.1,242,244,240.95,14880,0.0048,2017-06-28
2017-06-29,245.05,244.4,252.75,240.15,63760,0.0122,2017-06-29
2017-06-30,246.7,244.9,250.1,242.55,47660,0.0067,2017-06-30
2017-07-03,253.25,249.7,260,247.55,274270,0.0266,2017-07-03
2017-07-04,248.55,252.6,255,246,51920,-0.0186,2017-07-04
2017-07-05,248.2,248.6,250.5,247,39620,-0.0014,2017-07-05
2017-07-06,247.4,250.35,250.6,247,53100,-0.0032,2017-07-06
2017-07-07,245.75,248,249,244.5,68580,-0.0067,2017-07-07
2017-07-10,247,245.3,248.9,243.6,19470,0.0051,2017-07-10
2017-07-11,244.35,247,249,244,50490,-0.0107,2017-07-11
2017-07-12,243.8,246.75,247.2,243.2,46360,-0.0023,2017-07-12
2017-07-13,247.45,245.8,250.95,243.55,148930,0.015,2017-07-13
2017-07-14,245.3,249.35,249.6,243.5,55160,-0.0087,2017-07-14
2017-07-17,245.45,243.5,248.5,243.5,58000,0.0006,2017-07-17
2017-07-18,246.5,245.45,252.9,243,126460,0.0043,2017-07-18
2017-07-19,249,247.8,251,245.15,62630,0.0101,2017-07-19
2017-07-20,245.95,250,250,245.15,31010,-0.0122,2017-07-20
2017-07-21,245.2,246.15,250.5,244.5,71040,-0.003,2017-07-21
2017-07-24,249.1,244.15,250,244.15,62200,0.0159,2017-07-24
2017-07-25,246.6,251.85,251.85,245.5,86230,-0.01,2017-07-25
2017-07-26,245.45,246,251,245,46570,-0.0047,2017-07-26
2017-07-27,245.15,247.3,248.5,244.4,32090,-0.0012,2017-07-27
2017-07-28,245.15,244.85,248.5,244.3,40180,0,2017-07-28
2017-07-31,245,242.2,246.7,242.2,38520,-0.0006,2017-07-31
2017-08-01,246.2,245,247.9,244.15,35120,0.0049,2017-08-01
2017-08-02,249.1,246.45,251,246.45,74130,0.0118,2017-08-02
2017-08-03,242.3,246.15,249.35,240.1,86220,-0.0273,2017-08-03
2017-08-04,245.05,242.4,246.45,242.3,74400,0.0113,2017-08-04
2017-08-07,247.75,246,251.4,246,35290,0.011,2017-08-07
2017-08-08,242.7,247.05,248,241.5,43010,-0.0204,2017-08-08
2017-08-09,242.1,242,246.8,241.1,375430,-0.0025,2017-08-09
2017-08-10,237.55,242,246.4,235.55,178140,-0.0188,2017-08-10
2017-08-11,237.4,236.3,240.2,230.85,140800,-0.0006,2017-08-11
2017-08-14,238.4,242.7,243,237.2,65060,0.0042,2017-08-14
2017-08-16,243.1,234.25,245.95,234.25,88370,0.0197,2017-08-16
2017-08-17,242.65,244.9,248.9,236.5,178140,-0.0019,2017-08-17
2017-08-18,242.3,240.1,243.7,238.8,72010,-0.0014,2017-08-18
2017-08-21,241.15,240.8,245,239,34200,-0.0047,2017-08-21
2017-08-22,242,241.75,246.45,240.35,56400,0.0035,2017-08-22
2017-08-23,242.15,243,245,239.1,47180,0.0006,2017-08-23
2017-08-24,240.55,241,244.95,239.55,25530,-0.0066,2017-08-24
2017-08-28,244.1,240.75,247.4,239.4,48470,0.0148,2017-08-28
2017-08-29,239.2,243.25,243.95,238.05,28860,-0.0201,2017-08-29
2017-08-30,239.25,241.05,241.7,238.6,14240,0.0002,2017-08-30
2017-08-31,238.7,237.7,241.85,237.3,31090,-0.0023,2017-08-31
2017-09-01,241.25,238.55,243,238.25,47580,0.0107,2017-09-01
2017-09-04,238.3,238.15,243,238,50280,-0.0122,2017-09-04
2017-09-05,249.2,239.95,253.8,238.3,280480,0.0457,2017-09-05
2017-09-06,245.9,248,248.05,241.1,68530,-0.0132,2017-09-06
2017-09-07,242.2,246,247.95,241.6,33460,-0.015,2017-09-07
2017-09-08,241.6,242.1,245.2,241.1,32190,-0.0025,2017-09-08
2017-09-11,246.55,241.8,251.2,241.8,65630,0.0205,2017-09-11
2017-09-12,244.25,245.15,251.05,243.2,80430,-0.0093,2017-09-12
2017-09-13,247.95,245.55,255.25,244.3,287930,0.0151,2017-09-13
2017-09-14,243.85,249.4,252.8,242.6,88310,-0.0165,2017-09-14
2017-09-15,241.6,242.9,245.5,241,39120,-0.0092,2017-09-15
2017-09-18,244.65,242.5,247.4,242.5,295500,0.0126,2017-09-18
2017-09-19,242.2,243.55,245.4,241.6,35810,-0.01,2017-09-19
2017-09-20,241.2,244,244,240.55,23790,-0.0041,2017-09-20
2017-09-21,233.25,242.75,243.4,222.55,1090000,-0.033,2017-09-21
2017-09-22,230.2,233,233,228.45,382240,-0.0131,2017-09-22
2017-09-25,212.25,219.9,220.35,204,723310,-0.078,2017-09-25
2017-09-26,216.65,210,219,209,300760,0.0207,2017-09-26
2017-09-27,211.4,219.6,219.9,209,88010,-0.0242,2017-09-27
2017-09-28,207.7,213.45,219.7,205.7,173240,-0.0175,2017-09-28
2017-09-29,217.4,207.8,219,207.8,102650,0.0467,2017-09-29
2017-10-03,212.4,217,220.2,210.15,54050,-0.023,2017-10-03
2017-10-04,210,215.95,217.75,208.5,71520,-0.0113,2017-10-04
2017-10-05,214.3,211.15,215.3,210.1,48510,0.0205,2017-10-05
2017-10-06,217.5,214,221,214,93650,0.0149,2017-10-06
2017-10-09,215.3,218,220,215,39180,-0.0101,2017-10-09
2017-10-10,215.6,217,218.95,215,34050,0.0014,2017-10-10
2017-10-11,218.75,217.05,224.75,215.5,120010,0.0146,2017-10-11
2017-10-12,220.05,219.9,223,218,31890,0.0059,2017-10-12
2017-10-13,220.35,221.95,222.7,219.6,40070,0.0014,2017-10-13
2017-10-16,220.55,220,222.5,218.85,26790,0.0009,2017-10-16
2017-10-17,221.95,217,231.7,217,158520,0.0063,2017-10-17
2017-10-18,224,223.3,225.25,222.25,24490,0.0092,2017-10-18
2017-10-19,225.5,226.9,228,224.05,7840,0.0067,2017-10-19
2017-10-23,221.7,223.5,227.4,220,25460,-0.0169,2017-10-23
2017-10-24,221.2,223,224.2,220.25,17050,-0.0023,2017-10-24
2017-10-25,220.45,223,227,220,41560,-0.0034,2017-10-25
2017-10-26,220.1,220.55,222,220,26440,-0.0016,2017-10-26
2017-10-27,221.65,219.2,226.5,218.4,463060,0.007,2017-10-27
2017-10-30,224.75,220.3,228.95,220.3,158600,0.014,2017-10-30
2017-10-31,222.45,224.6,226.4,220.3,31150,-0.0102,2017-10-31
2017-11-01,222.2,222.3,226.4,221.05,35860,-0.0011,2017-11-01
2017-11-02,223,222.2,226,222,45310,0.0036,2017-11-02
2017-11-03,223.3,224.9,225.5,222.2,31670,0.0013,2017-11-03
2017-11-06,221,220.3,224.75,219,42300,-0.0103,2017-11-06
2017-11-07,219.4,221.1,222.9,217.6,74670,-0.0072,2017-11-07
2017-11-08,215.15,217.1,220,214.2,117450,-0.0194,2017-11-08
2017-11-09,247.5,215.5,258.15,215,1200000,0.1504,2017-11-09
2017-11-10,227.9,239,239.9,225,479350,-0.0792,2017-11-10
2017-11-13,227.9,239.6,239.6,225.15,303270,0,2017-11-13
2017-11-14,223.6,230,230.05,220.1,79700,-0.0189,2017-11-14
2017-11-15,218.6,221.05,225,217.1,72580,-0.0224,2017-11-15
2017-11-16,220,219.15,222.8,217.1,45480,0.0064,2017-11-16
2017-11-17,225.8,224.8,228.1,222.1,115430,0.0264,2017-11-17
2017-11-20,224.65,228.45,228.45,223.75,30960,-0.0051,2017-11-20
2017-11-21,231,226.9,236.2,224.65,621660,0.0283,2017-11-21
2017-11-22,228.1,231.9,236.7,226.45,105310,-0.0126,2017-11-22
2017-11-23,234.55,228,237,228,135220,0.0283,2017-11-23
2017-11-24,230,234.55,235.6,229,145360,-0.0194,2017-11-24
2017-11-27,235.9,229,238.95,229,199510,0.0257,2017-11-27
2017-11-28,241,239,250,234.65,530240,0.0216,2017-11-28
2017-11-29,238.55,241.95,245,236.3,109830,-0.0102,2017-11-29
2017-11-30,246,238,249,237,443750,0.0312,2017-11-30
2017-12-01,266.5,249.45,283.75,249,3030000,0.0833,2017-12-01
2017-12-04,270,265.5,279.2,261,1010000,0.0131,2017-12-04
2017-12-05,264.7,269.7,272.45,262.3,301750,-0.0196,2017-12-05
2017-12-06,259.1,263,269.85,256.1,249680,-0.0212,2017-12-06
2017-12-07,272.45,260.95,274.9,260.25,458320,0.0515,2017-12-07
2017-12-08,280.15,272.05,284.9,272.05,1010000,0.0283,2017-12-08
2017-12-11,280.1,282.8,288.9,278.2,548800,-0.0002,2017-12-11
2017-12-12,274.65,277.3,279.95,235,422860,-0.0195,2017-12-12
2017-12-13,274.9,274,279.9,271.1,538680,0.0009,2017-12-13
2017-12-14,272.4,274,275.7,265.2,195450,-0.0091,2017-12-14
2017-12-15,278.6,274,279.95,272,293720,0.0228,2017-12-15
2017-12-18,279.75,275,283.75,264,198950,0.0041,2017-12-18
2017-12-19,282.05,281,284.1,280,228690,0.0082,2017-12-19
2017-12-20,284.5,282.1,292.5,281,199550,0.0087,2017-12-20
2017-12-21,283.95,286.65,290,283,199590,-0.0019,2017-12-21
2017-12-22,276.65,284,285,275.05,72130,-0.0257,2017-12-22
2017-12-26,283.9,277,285,276.55,80280,0.0262,2017-12-26
2017-12-27,279.15,286,286,276.9,63150,-0.0167,2017-12-27
2017-12-28,277.7,281.2,283,276.05,34800,-0.0052,2017-12-28
2017-12-29,274.7,277.7,280.7,272.55,63040,-0.0108,2017-12-29
2018-01-01,279.9,274.85,282.8,273.1,166000,0.0189,2018-01-01
2018-01-02,272.6,280,280,271.55,41270,-0.0261,2018-01-02
2018-01-03,273.1,283,283,270.35,42070,0.0018,2018-01-03
2018-01-04,274.7,275.5,275.75,270.55,96140,0.0059,2018-01-04
2018-01-05,271.2,271.55,275.05,270.75,94180,-0.0127,2018-01-05
2018-01-08,271.7,279.1,279.1,270.1,109420,0.0018,2018-01-08
2018-01-09,326,272.25,326,272.1,3680000,0.1999,2018-01-09
2018-01-10,357.9,330,369,321,4720000,0.0979,2018-01-10
2018-01-11,358.1,354,372,341.75,2440000,0.0006,2018-01-11
2018-01-12,348.35,354.7,365,342.1,704900,-0.0272,2018-01-12
2018-01-15,349.6,346.25,364.2,345,629510,0.0036,2018-01-15
2018-01-16,335,352.2,352.2,330,428990,-0.0418,2018-01-16
2018-01-17,346.8,330,358,327.65,944520,0.0352,2018-01-17
2018-01-18,336.35,349.8,356,330.1,777660,-0.0301,2018-01-18
2018-01-19,349.4,338,356,338,967350,0.0388,2018-01-19
2018-01-22,359.55,341,374.9,341,1260000,0.029,2018-01-22
2018-01-23,358.8,363.5,364.5,353.05,394630,-0.0021,2018-01-23
2018-01-24,350.2,353,358.65,347.05,173120,-0.024,2018-01-24
2018-01-25,344.5,351.9,369,342.25,638690,-0.0163,2018-01-25
2018-01-29,347.05,344,362,342.8,420320,0.0074,2018-01-29
2018-01-30,332,354,354,330.35,528710,-0.0434,2018-01-30
2018-01-31,318.9,335,336.8,316.95,293270,-0.0395,2018-01-31
2018-02-01,326.35,320,336.5,316,516670,0.0234,2018-02-01
2018-02-02,312.2,323,326,295.1,297540,-0.0434,2018-02-02
2018-02-05,320.15,307.8,324,300,260800,0.0255,2018-02-05
2018-02-06,304,282,314.8,282,322970,-0.0504,2018-02-06
2018-02-07,309.5,311.6,317.9,306,152150,0.0181,2018-02-07
2018-02-08,333.55,311.7,338,310.6,471420,0.0777,2018-02-08
2018-02-09,335.35,327,339.8,321.35,432030,0.0054,2018-02-09
2018-02-12,335.4,338,343.55,332.9,172320,0.0001,2018-02-12
2018-02-14,331.35,336.9,340,328.25,186960,-0.0121,2018-02-14
2018-02-15,324.8,334,335.4,321.85,152120,-0.0198,2018-02-15
2018-02-16,323.8,327.95,330.7,319.1,122740,-0.0031,2018-02-16
2018-02-19,318.4,325.7,325.7,307.5,88230,-0.0167,2018-02-19
2018-02-20,312.5,320,321.55,310.5,59510,-0.0185,2018-02-20
2018-02-21,313.75,315.5,315.8,310.15,80190,0.004,2018-02-21
2018-02-22,314.8,313.75,316.2,310,86150,0.0033,2018-02-22
2018-02-23,323.75,315.75,330,315.75,154140,0.0284,2018-02-23
2018-02-26,317.3,330.6,334,309.5,5450000,-0.0199,2018-02-26
2018-02-27,320.3,315.5,325.7,315.5,493780,0.0095,2018-02-27
2018-02-28,314,318.2,322,313,157620,-0.0197,2018-02-28
2018-03-01,310.6,314,315.5,309.05,134230,-0.0108,2018-03-01
2018-03-05,306.7,309.8,310.45,302,99040,-0.0126,2018-03-05
2018-03-06,305.85,307,313.45,304,147840,-0.0028,2018-03-06
2018-03-07,292.65,306,306,291,116230,-0.0432,2018-03-07
2018-03-08,294.25,295.2,304,286.05,210380,0.0055,2018-03-08
2018-03-09,288.95,296.1,301,287.3,300940,-0.018,2018-03-09
2018-03-12,289.2,293,298,288.2,115540,0.0009,2018-03-12
2018-03-13,292.95,288.25,300.05,288,534690,0.013,2018-03-13
2018-03-14,301.35,292.8,306,291.25,1100000,0.0287,2018-03-14
2018-03-15,315.7,305,320.45,302.65,550740,0.0476,2018-03-15
2018-03-16,314.7,318,325.35,312,257240,-0.0032,2018-03-16
2018-03-19,305.8,316.75,316.8,303.35,101720,-0.0283,2018-03-19
2018-03-20,311.9,305.6,314,302.45,116350,0.0199,2018-03-20
2018-03-21,308.35,314.25,317.85,305.8,78740,-0.0114,2018-03-21
2018-03-22,303.2,310.9,311,301.1,79920,-0.0167,2018-03-22
2018-03-23,298.85,294.25,301,294.25,77450,-0.0143,2018-03-23
2018-03-26,304.55,302.15,306.8,296.45,127430,0.0191,2018-03-26
2018-03-27,301.95,306.5,310.95,299.15,113520,-0.0085,2018-03-27
2018-03-28,304.85,301,307,299,71190,0.0096,2018-03-28
2018-04-02,303.8,300.85,309.8,300.85,82320,-0.0034,2018-04-02
2018-04-03,304.55,303,313.3,300.1,177190,0.0025,2018-04-03
2018-04-04,301.15,306,307.6,299.9,91530,-0.0112,2018-04-04
2018-04-05,306,304.15,309.25,303.5,50130,0.0161,2018-04-05
2018-04-06,305.65,305.85,310,304,68810,-0.0011,2018-04-06
2018-04-09,304.75,305.65,309.5,302.2,101260,-0.0029,2018-04-09
2018-04-10,304.2,308.2,308.2,302.6,47910,-0.0018,2018-04-10
2018-04-11,299.7,305.4,306.8,297,77990,-0.0148,2018-04-11
2018-04-12,300.95,301.4,304.9,299.65,56630,0.0042,2018-04-12
2018-04-13,301.05,302.75,305.5,300,120200,0.0003,2018-04-13
2018-04-16,301.3,299.9,303.8,298.45,52270,0.0008,2018-04-16
2018-04-17,302.95,301.6,309,299.85,93420,0.0055,2018-04-17
2018-04-18,304.15,302.2,306.9,302.2,54930,0.004,2018-04-18
2018-04-19,308.75,303.1,326.4,303.1,672600,0.0151,2018-04-19
2018-04-20,309.45,311.8,319.25,308.2,258130,0.0023,2018-04-20
2018-04-23,325.75,309,331.9,309,1020000,0.0527,2018-04-23
2018-04-24,334.75,328.5,338.9,325,764100,0.0276,2018-04-24
2018-04-25,333.65,340,343,328.1,484160,-0.0033,2018-04-25
2018-04-26,332.65,335.25,338.4,326,776840,-0.003,2018-04-26
2018-04-27,334.15,334.4,339.15,328.65,406170,0.0045,2018-04-27
2018-04-30,345.2,332,356.1,330.1,1140000,0.0331,2018-04-30
2018-05-02,342.65,345.9,347,337.5,241490,-0.0074,2018-05-02
2018-05-03,341.4,338.4,342.75,331.25,151930,-0.0036,2018-05-03
2018-05-04,339.75,341,354,335.25,414120,-0.0048,2018-05-04
2018-05-07,346.2,341,352.9,341,330030,0.019,2018-05-07
2018-05-08,341.25,348.5,349.15,338.95,190760,-0.0143,2018-05-08
2018-05-09,338.05,340.5,344.45,336.15,112760,-0.0094,2018-05-09
2018-05-10,332.95,338.05,340,331.15,143120,-0.0151,2018-05-10
2018-05-11,335.5,334.4,338,330.05,69460,0.0077,2018-05-11
2018-05-14,328.4,334.6,337.9,324.15,74590,-0.0212,2018-05-14
2018-05-15,318.75,329,335.95,315,188880,-0.0294,2018-05-15
2018-05-16,313.15,322.9,326.5,309.6,134880,-0.0176,2018-05-16
2018-05-17,315.65,315,322.8,312.05,252940,0.008,2018-05-17
2018-05-18,310,318,319.9,304,449000,-0.0179,2018-05-18
2018-05-21,306.75,310,312.9,295.45,167190,-0.0105,2018-05-21
2018-05-22,306.85,306.75,311.5,304.15,132980,0.0003,2018-05-22
2018-05-23,305.4,307.75,310,305,77680,-0.0047,2018-05-23
2018-05-24,305.3,306.45,312,302,168270,-0.0003,2018-05-24
2018-05-25,304.95,307.9,310.25,303,129030,-0.0011,2018-05-25
2018-05-28,307.1,307,310,305.7,52430,0.0071,2018-05-28
2018-05-29,304.5,307,307.75,303.5,45010,-0.0085,2018-05-29
2018-05-30,299.35,306,306,298.2,147640,-0.0169,2018-05-30
2018-05-31,298.6,299.25,303,296.2,69330,-0.0025,2018-05-31
2018-06-01,291.6,298.8,299.5,289.45,151810,-0.0234,2018-06-01
2018-06-04,284.65,291.6,292.05,281.3,148830,-0.0238,2018-06-04
2018-06-05,280.7,280,286.1,278.4,86180,-0.0139,2018-06-05
2018-06-06,284.15,282,288.2,278,48810,0.0123,2018-06-06
2018-06-07,279.4,285.8,294.85,276,158830,-0.0167,2018-06-07
2018-06-08,286.85,279,295.5,275,196940,0.0267,2018-06-08
2018-06-11,310.85,285,333,285,1390000,0.0837,2018-06-11
2018-06-12,303.5,312,315.1,299,245930,-0.0236,2018-06-12
2018-06-13,294.45,304.7,306,293,188530,-0.0298,2018-06-13
2018-06-14,304.75,295.7,309,291.25,336370,0.035,2018-06-14
2018-06-15,305.1,304,314,302,351970,0.0011,2018-06-15
2018-06-18,301.85,303.5,311.85,301,91350,-0.0107,2018-06-18
2018-06-19,292.35,301.15,304.9,290,107540,-0.0315,2018-06-19
2018-06-20,290.9,294.65,295.95,289,84550,-0.005,2018-06-20
2018-06-21,285.2,291.05,293.25,284.05,62040,-0.0196,2018-06-21
2018-06-22,286.35,285.6,288.35,281.8,55230,0.004,2018-06-22
2018-06-25,284.9,286,290.75,283.55,37300,-0.0051,2018-06-25
2018-06-26,284.65,285,288.7,280.45,37590,-0.0009,2018-06-26
2018-06-27,276.35,287.65,289.3,275.1,176450,-0.0292,2018-06-27
2018-06-28,273.6,276,276,268.55,75900,-0.01,2018-06-28
2018-06-29,270.4,273.75,278,263.6,161430,-0.0117,2018-06-29
2018-07-02,266.1,269.1,276.55,265.3,50200,-0.0159,2018-07-02
2018-07-03,265.55,266.75,269.65,263.05,100120,-0.0021,2018-07-03
2018-07-04,259.45,265.4,274,257.05,923880,-0.023,2018-07-04
2018-07-05,258.5,263,268.8,257.15,139710,-0.0037,2018-07-05
2018-07-06,260.1,255.7,263.05,255.7,71740,0.0062,2018-07-06
2018-07-09,259.75,264.9,265.7,259.05,62070,-0.0013,2018-07-09
2018-07-10,262.05,261.35,268.7,260.1,127270,0.0089,2018-07-10
2018-07-11,264.8,261.9,268.2,261.9,77120,0.0105,2018-07-11
2018-07-12,268.4,269.9,274.4,266,2040000,0.0136,2018-07-12
2018-07-13,265.85,268,269.5,263.05,61130,-0.0095,2018-07-13
2018-07-16,257.25,261,265.95,248.35,195410,-0.0323,2018-07-16
2018-07-17,260.9,252,262,252,26430,0.0142,2018-07-17
2018-07-18,260.25,261.05,263.9,255.8,37350,-0.0025,2018-07-18
2018-07-19,256.15,262.2,262.25,255.1,38640,-0.0158,2018-07-19
2018-07-20,258.75,255.2,263.8,254.15,30530,0.0102,2018-07-20
2018-07-23,260.2,252.1,263.4,252.1,28570,0.0056,2018-07-23
2018-07-24,263.9,261.95,267.8,255.55,74960,0.0142,2018-07-24
2018-07-25,264.9,265.45,266.45,261.1,53320,0.0038,2018-07-25
2018-07-26,262.65,264.9,267.35,262,91120,-0.0085,2018-07-26
2018-07-27,260.05,259.1,263,257,98130,-0.0099,2018-07-27
2018-07-30,262.05,263.8,265.8,260.1,64890,0.0077,2018-07-30
2018-07-31,267.75,262.9,269.9,261.1,70660,0.0218,2018-07-31
2018-08-01,269.2,265.1,272.05,265.1,199390,0.0054,2018-08-01
2018-08-02,264.45,268.8,269.5,262.2,55200,-0.0176,2018-08-02
2018-08-03,262.25,265.9,266.85,261.4,69900,-0.0083,2018-08-03
2018-08-06,258.65,261.3,264,256,57770,-0.0137,2018-08-06
2018-08-07,265.95,260.4,268.5,258.15,117460,0.0282,2018-08-07
2018-08-08,272.25,267.5,281,267,405290,0.0237,2018-08-08
2018-08-09,270.8,274.85,279,269,100870,-0.0053,2018-08-09
2018-08-10,259.5,263,268.85,258.05,112150,-0.0417,2018-08-10
2018-08-13,251.75,258,258,249.05,66140,-0.0299,2018-08-13
2018-08-14,247.4,253.45,254.05,241.1,152650,-0.0173,2018-08-14
2018-08-16,239.85,253,254.6,238.9,169340,-0.0305,2018-08-16
2018-08-17,244.7,242,259.65,236.45,347200,0.0202,2018-08-17
2018-08-20,244.25,247.15,249.9,243,107050,-0.0018,2018-08-20
2018-08-21,248.1,241.5,255,241.5,253340,0.0158,2018-08-21
2018-08-23,251.5,250.8,255,245.25,103030,0.0137,2018-08-23
2018-08-24,246.05,251.75,253.85,245.1,49700,-0.0217,2018-08-24
2018-08-27,245.75,248.05,251.5,245.1,41860,-0.0012,2018-08-27
2018-08-28,255.25,245.8,259.5,243.2,938980,0.0387,2018-08-28
2018-08-29,266.1,257.5,279.9,255.95,537100,0.0425,2018-08-29
2018-08-30,261.7,266.2,272.9,261.05,284710,-0.0165,2018-08-30
2018-08-31,277,262.45,285.8,260.1,1400000,0.0585,2018-08-31
2018-09-03,269.15,276,279.95,266.2,331880,-0.0283,2018-09-03
2018-09-04,267.95,269.1,274.95,266,110930,-0.0045,2018-09-04
2018-09-05,277.9,265.05,279,263.2,274660,0.0371,2018-09-05
2018-09-06,285.15,275.6,287.5,270.3,310260,0.0261,2018-09-06
2018-09-07,298,285.75,299.25,283.2,404690,0.0451,2018-09-07
2018-09-10,313.1,300,320.65,300,1400000,0.0507,2018-09-10
2018-09-11,305.25,313.75,321.4,301.35,485390,-0.0251,2018-09-11
2018-09-12,311.35,307,314.6,297,626070,0.02,2018-09-12
2018-09-14,312.9,312.6,324.85,307,378390,0.005,2018-09-14
2018-09-17,309.1,310,311.9,304.35,131680,-0.0121,2018-09-17
2018-09-18,310.15,312.55,321.85,307.7,326890,0.0034,2018-09-18
2018-09-19,315.7,310.1,317.95,308.1,229580,0.0179,2018-09-19
2018-09-21,314.8,316.85,324.45,275.1,818250,-0.0029,2018-09-21
2018-09-24,303.9,310.25,317,284.8,408080,-0.0346,2018-09-24
2018-09-25,298.4,306.95,306.95,288.45,261560,-0.0181,2018-09-25
2018-09-26,294.35,300.4,302.35,291.5,133780,-0.0136,2018-09-26
2018-09-27,286.05,295.4,295.85,281.05,111670,-0.0282,2018-09-27
2018-09-28,282.35,285.1,295.5,276.25,151270,-0.0129,2018-09-28
2018-10-01,272.95,275.1,280,269.5,179600,-0.0333,2018-10-01
2018-10-03,270.75,272.9,280.4,270,70890,-0.0081,2018-10-03
2018-10-04,262.4,265.9,272.8,255.35,98670,-0.0308,2018-10-04
2018-10-05,259.75,265,268.95,255.55,152770,-0.0101,2018-10-05
2018-10-08,253.15,263.55,264.1,242.75,294810,-0.0254,2018-10-08
2018-10-09,249.55,250.1,258.3,245.25,206150,-0.0142,2018-10-09
2018-10-10,257.75,252,264.9,250.1,133840,0.0329,2018-10-10
2018-10-11,246.45,250,253.95,245,157750,-0.0438,2018-10-11
2018-10-12,248.9,248,254.85,247.05,108820,0.0099,2018-10-12
2018-10-15,253.1,250.05,257.8,247.3,123780,0.0169,2018-10-15
2018-10-16,271.05,255,276.4,254.35,457630,0.0709,2018-10-16
2018-10-17,268.15,274.6,276.95,257.5,176100,-0.0107,2018-10-17
2018-10-19,264.75,265,275,257,570560,-0.0127,2018-10-19
2018-10-22,268.25,264.35,273,258.1,121480,0.0132,2018-10-22
2018-10-23,267.6,265,271.2,262.6,148120,-0.0024,2018-10-23
2018-10-24,267.65,269.95,272.35,263,87360,0.0002,2018-10-24
2018-10-25,266.35,266.4,269.8,262.15,103050,-0.0049,2018-10-25
2018-10-26,259.7,265,265.55,257,87450,-0.025,2018-10-26
2018-10-29,260.8,259.9,264.8,257.65,115870,0.0042,2018-10-29
2018-10-30,260.15,259.9,263.95,258,173880,-0.0025,2018-10-30
2018-10-31,260.05,260.6,261.8,256,112470,-0.0004,2018-10-31
2018-11-01,268.65,260,271.15,260,103610,0.0331,2018-11-01
2018-11-02,270.6,271,274,267.8,161450,0.0073,2018-11-02
2018-11-05,276.85,271.75,282.3,268,154870,0.0231,2018-11-05
2018-11-06,279.6,279.35,287.45,277.05,432080,0.0099,2018-11-06
2018-11-07,291.6,282.9,294.95,282.05,394200,0.0429,2018-11-07
2018-11-09,285.65,292.75,293.35,283.1,254590,-0.0204,2018-11-09
2018-11-12,284.25,287.35,298.2,282,281410,-0.0049,2018-11-12
2018-11-13,286.2,282.8,288,281.05,196190,0.0069,2018-11-13
2018-11-14,294.45,288.5,303,288.5,991010,0.0288,2018-11-14
2018-11-15,277.8,294.45,294.45,275.1,367430,-0.0565,2018-11-15
2018-11-16,276.95,277.8,285.9,276,121250,-0.0031,2018-11-16
2018-11-19,272.45,278.1,278.15,271.1,66270,-0.0162,2018-11-19
2018-11-20,262.35,270,274.05,261.5,94320,-0.0371,2018-11-20
2018-11-21,266.25,260.8,269.9,260.1,88440,0.0149,2018-11-21
2018-11-22,267.3,264,273.4,263.25,140530,0.0039,2018-11-22
2018-11-26,269.2,268.25,271.25,261.1,84500,0.0071,2018-11-26
2018-11-27,264.6,269.95,272.9,263.5,86640,-0.0171,2018-11-27
2018-11-28,265.05,263.5,266.9,262.5,61080,0.0017,2018-11-28
2018-11-29,264.25,263.55,269.9,262.35,64310,-0.003,2018-11-29
2018-11-30,263.15,265.85,266.4,261.8,92240,-0.0042,2018-11-30
2018-12-03,263.75,264.35,265.7,262.4,37000,0.0023,2018-12-03
2018-12-04,264.95,264.45,267.65,262.3,25260,0.0045,2018-12-04
2018-12-05,264.1,263.2,267.9,262.8,27830,-0.0032,2018-12-05
2018-12-06,265.7,267.45,275.9,264,168250,0.0061,2018-12-06
2018-12-07,264,263.85,268.9,262.3,79110,-0.0064,2018-12-07
2018-12-10,255.15,255.1,262.15,254.65,51090,-0.0335,2018-12-10
2018-12-11,258.85,255.15,260.9,253.3,29570,0.0145,2018-12-11
2018-12-12,266.95,257.25,267.9,257.25,106050,0.0313,2018-12-12
2018-12-13,267.95,265.1,271.85,262.75,57340,0.0037,2018-12-13
2018-12-14,264.1,269.85,269.85,263.4,30340,-0.0144,2018-12-14
2018-12-17,265.5,264.35,268.9,264.05,40310,0.0053,2018-12-17
2018-12-18,270.05,263.85,273.8,263.85,174950,0.0171,2018-12-18
2018-12-19,267.25,271.6,273.4,265.65,50160,-0.0104,2018-12-19
2018-12-20,276.65,265.5,282.8,265.5,140720,0.0352,2018-12-20
2018-12-21,274.15,276.65,280.8,270.25,75830,-0.009,2018-12-21
2018-12-24,270.7,250,273.6,250,59070,-0.0126,2018-12-24
2018-12-26,271.45,271,272.95,265,82070,0.0028,2018-12-26
2018-12-27,269.15,273.75,274.4,268.1,84650,-0.0085,2018-12-27
2018-12-28,275.95,269.4,279.95,269.4,64100,0.0253,2018-12-28
2018-12-31,278.8,275.9,284,274.05,64010,0.0103,2018-12-31
2019-01-01,278.25,282.8,284.95,275.25,126020,-0.002,2019-01-01
2019-01-02,275.9,276.8,277.65,274.3,102190,-0.0084,2019-01-02
2019-01-03,272.3,276.15,281.75,271.1,42080,-0.013,2019-01-03
2019-01-04,269.85,273.05,273.75,267.3,39890,-0.009,2019-01-04
2019-01-07,270.2,270.25,272.95,270,37490,0.0013,2019-01-07
2019-01-08,268.5,270.2,273,267.55,48620,-0.0063,2019-01-08
2019-01-09,267.5,270,271.55,265.65,48460,-0.0037,2019-01-09
2019-01-10,266.9,267.55,268.85,266.05,54240,-0.0022,2019-01-10
2019-01-11,265.7,266.9,269.1,264.05,57010,-0.0045,2019-01-11
2019-01-14,273.2,265,276.85,265,167450,0.0282,2019-01-14
2019-01-15,283.3,275,290.9,273.5,763570,0.037,2019-01-15
2019-01-16,290,288,296.2,279.4,958650,0.0236,2019-01-16
2019-01-17,292.8,292,296.6,285.25,419920,0.0097,2019-01-17
2019-01-18,294.35,293,296,286.5,218660,0.0053,2019-01-18
2019-01-21,288.65,295,297.4,287,160500,-0.0194,2019-01-21
2019-01-22,289.05,288,294.9,283.1,404520,0.0014,2019-01-22
2019-01-23,287.75,294.9,299.9,285.75,1410000,-0.0045,2019-01-23
2019-01-24,284.7,290.1,292.5,283.5,282670,-0.0106,2019-01-24
2019-01-25,280.9,289.7,294.85,278.5,698120,-0.0133,2019-01-25
2019-01-28,269.95,270,273.75,266.1,539580,-0.039,2019-01-28
2019-01-29,269.7,267.4,272,265.6,83460,-0.0009,2019-01-29
2019-01-30,268,266.95,270.4,266.1,152900,-0.0063,2019-01-30
2019-01-31,266.65,266.3,269.9,264.2,122890,-0.005,2019-01-31
2019-02-01,265.6,268.95,268.95,264.85,48430,-0.0039,2019-02-01
2019-02-04,263.45,267.95,267.95,261.85,45060,-0.0081,2019-02-04
2019-02-05,260.95,264.35,267.95,257.55,132290,-0.0095,2019-02-05
2019-02-06,265.05,263,269.9,255.55,161680,0.0157,2019-02-06
2019-02-07,260.8,269,269.95,259.15,113400,-0.016,2019-02-07
2019-02-08,258.8,264,266,255.1,347190,-0.0077,2019-02-08
2019-02-11,254.7,259,259.45,252.05,109350,-0.0158,2019-02-11
2019-02-12,250.5,254.75,255.55,248.15,386860,-0.0165,2019-02-12
2019-02-13,268.5,251,273.4,251,445490,0.0719,2019-02-13
2019-02-14,269,267,274.9,263,702640,0.0019,2019-02-14
2019-02-15,281.5,269.1,283.65,269.1,286340,0.0465,2019-02-15
2019-02-18,277.6,280.75,284.9,275,228550,-0.0139,2019-02-18
2019-02-19,279.95,278.6,283,272.15,116930,0.0085,2019-02-19
2019-02-20,276.8,282.9,282.9,273.1,162840,-0.0113,2019-02-20
2019-02-21,277.65,278.05,280.75,275.1,61980,0.0031,2019-02-21
2019-02-22,277.45,277.95,279.35,277,63360,-0.0007,2019-02-22
2019-02-25,280.85,279.9,282.95,277,80780,0.0123,2019-02-25
2019-02-26,273.45,275.05,277,268.65,139160,-0.0263,2019-02-26
2019-02-27,273.05,278,279,271.25,978410,-0.0015,2019-02-27
2019-02-28,270.2,275,275,267.55,64210,-0.0104,2019-02-28
2019-03-01,275.25,273.95,277.75,272.1,119440,0.0187,2019-03-01
2019-03-05,281.9,274.85,287.2,271.7,335440,0.0242,2019-03-05
2019-03-06,284.25,285,287,278.3,306430,0.0083,2019-03-06
2019-03-07,290.3,283.5,293.9,283,425640,0.0213,2019-03-07
2019-03-08,289.05,290.45,297,287.4,479850,-0.0043,2019-03-08
2019-03-11,288.6,290.15,293.9,285.65,171430,-0.0016,2019-03-11
2019-03-12,287.5,290,292.4,286,153270,-0.0038,2019-03-12
2019-03-13,297.45,291.5,308,286.2,1120000,0.0346,2019-03-13
2019-03-14,303.45,298,306.85,297,684260,0.0202,2019-03-14
2019-03-15,300.85,308.4,308.5,298.15,416100,-0.0086,2019-03-15
2019-03-18,309.8,303.4,318,301,1160000,0.0297,2019-03-18
2019-03-19,299.25,313.2,314.4,296,970440,-0.0341,2019-03-19
2019-03-20,292.15,300.8,301.6,290,346320,-0.0237,2019-03-20
2019-03-22,287.55,294.45,297,286.25,311840,-0.0157,2019-03-22
2019-03-25,279.9,284,285.85,278.05,142220,-0.0266,2019-03-25
2019-03-26,285.8,281.8,300.05,276.45,308400,0.0211,2019-03-26
2019-03-27,289.1,286.6,291.9,284.3,214840,0.0115,2019-03-27
2019-03-28,296.4,291.85,301,283.85,257100,0.0253,2019-03-28
2019-03-29,289.35,300.05,300.05,286.5,256690,-0.0238,2019-03-29
2019-04-01,284.8,288.6,292.2,284.1,187720,-0.0157,2019-04-01
2019-04-02,278.75,285.8,285.8,277.35,201300,-0.0212,2019-04-02
2019-04-03,274.1,279.9,280.45,271.1,284470,-0.0167,2019-04-03
2019-04-04,275.6,275.7,280,273,120710,0.0055,2019-04-04
2019-04-05,280.1,275.9,282.25,273.4,218730,0.0163,2019-04-05
2019-04-08,276.4,279.7,280,274.1,138520,-0.0132,2019-04-08
2019-04-09,276.25,279,280.1,274.2,123610,-0.0005,2019-04-09
2019-04-10,273.8,275,277.95,273.15,73960,-0.0089,2019-04-10
2019-04-11,273.85,273,275.65,272.05,66030,0.0002,2019-04-11
2019-04-12,274.35,273.85,278.65,273,74720,0.0018,2019-04-12
2019-04-15,273.85,276.2,277.95,273.2,95220,-0.0018,2019-04-15
2019-04-16,272.5,276.45,276.45,271.15,83920,-0.0049,2019-04-16
2019-04-18,264.2,271,273.45,262.2,96470,-0.0305,2019-04-18
2019-04-22,264,263.45,264.9,261.5,60810,-0.0008,2019-04-22
2019-04-23,262.45,267,267.05,261.1,62220,-0.0059,2019-04-23
2019-04-24,267.25,263.7,268.95,261.1,51990,0.0183,2019-04-24
2019-04-25,273.6,267.25,275,265,84680,0.0238,2019-04-25
2019-04-26,267.15,273.6,274.9,266.1,267300,-0.0236,2019-04-26
2019-04-30,259.6,276,285.5,257.15,262730,-0.0283,2019-04-30
2019-05-02,262.8,262,264.65,260.15,63710,0.0123,2019-05-02
2019-05-03,260.7,263,268.95,260.1,73230,-0.008,2019-05-03
2019-05-06,259.55,255.7,260,255.7,34430,-0.0044,2019-05-06
2019-05-07,251.25,263.4,263.4,250.25,71750,-0.032,2019-05-07
2019-05-08,251.5,249.3,254.65,249.15,51470,0.001,2019-05-08
2019-05-09,250.65,252.45,253.25,248.15,259240,-0.0034,2019-05-09
2019-05-10,250.05,251.1,254.05,246.5,109220,-0.0024,2019-05-10
2019-05-13,246,251,252,241.2,110670,-0.0162,2019-05-13
2019-05-14,245.4,244.9,247.85,241.2,36830,-0.0024,2019-05-14
2019-05-15,241.55,247,247.45,240.85,29230,-0.0157,2019-05-15
2019-05-16,243.1,241.55,245.7,241.25,38700,0.0064,2019-05-16
2019-05-17,240.9,241.8,244.75,240.1,36480,-0.009,2019-05-17
2019-05-20,248.5,246.5,251.4,244.75,77100,0.0315,2019-05-20
2019-05-21,246.25,250.85,250.85,245.1,22790,-0.0091,2019-05-21
2019-05-22,250.7,247.75,253.9,245.3,39580,0.0181,2019-05-22
2019-05-23,250.8,254.85,254.85,247,111160,0.0004,2019-05-23
2019-05-24,249.6,251.15,253,247,102770,-0.0048,2019-05-24
2019-05-27,242.7,249.6,249.65,241.1,111000,-0.0276,2019-05-27
2019-05-28,245.8,243.7,249.5,241.1,93710,0.0128,2019-05-28
2019-05-29,251.35,246.95,253.4,245.45,123620,0.0226,2019-05-29
2019-05-30,253.35,252,257.45,249.55,131800,0.008,2019-05-30
2019-05-31,249.35,254,256.1,248.25,91410,-0.0158,2019-05-31
2019-06-03,243,250,250,242.05,46300,-0.0255,2019-06-03
2019-06-04,241.85,241.05,246.5,241.05,48580,-0.0047,2019-06-04
2019-06-06,239.8,242,245,238.35,26640,-0.0085,2019-06-06
2019-06-07,236.7,240.05,243,235.65,88440,-0.0129,2019-06-07
2019-06-10,233.6,237.3,239.65,232.55,35910,-0.0131,2019-06-10
2019-06-11,228.8,235.85,237,227.75,80850,-0.0205,2019-06-11
2019-06-12,226.5,227.55,229.75,225.5,41780,-0.0101,2019-06-12
2019-06-13,225.6,227,228.7,224.45,114810,-0.004,2019-06-13
2019-06-14,225.3,226,228.8,225.05,25850,-0.0013,2019-06-14
2019-06-17,221,227.45,227.45,220.7,103110,-0.0191,2019-06-17
2019-06-18,220,221,223,219.65,339770,-0.0045,2019-06-18
2019-06-19,213.45,222.4,222.4,210.1,96450,-0.0298,2019-06-19
2019-06-20,219.1,213.5,221.05,213.5,477620,0.0265,2019-06-20
2019-06-21,216.8,219.1,219.15,215.1,165660,-0.0105,2019-06-21
2019-06-24,215.35,217,219,212.75,18740,-0.0067,2019-06-24
2019-06-25,215.2,218,218,214.4,32640,-0.0007,2019-06-25
2019-06-26,223.2,213.35,233,213.35,253230,0.0372,2019-06-26
2019-06-27,231.95,241,242.9,228.3,1340000,0.0392,2019-06-27
2019-06-28,229.45,234,235.75,227.5,238500,-0.0108,2019-06-28
2019-07-01,228.1,230.85,231.85,227.45,67410,-0.0059,2019-07-01
2019-07-02,225.1,225.55,229.7,224,53970,-0.0132,2019-07-02
2019-07-03,221.7,225.55,225.55,220.1,96990,-0.0151,2019-07-03
2019-07-04,226,222.15,231.9,222.15,90550,0.0194,2019-07-04
2019-07-05,230.65,226.8,235,224.1,170310,0.0206,2019-07-05
2019-07-08,224.9,232.4,232.5,220.7,78090,-0.0249,2019-07-08
2019-07-09,221.6,223,224.9,218.5,127700,-0.0147,2019-07-09
2019-07-10,217.8,220.15,221,217,26950,-0.0171,2019-07-10
2019-07-11,216.25,218.1,220.15,215.6,548610,-0.0071,2019-07-11
2019-07-12,217.15,216.35,218.65,216.35,22860,0.0042,2019-07-12
2019-07-15,219.15,219.95,219.95,217.65,19760,0.0092,2019-07-15
2019-07-16,218,218,219.75,215.05,30940,-0.0052,2019-07-16
2019-07-17,216.3,218.5,220.1,216,44380,-0.0078,2019-07-17
2019-07-18,212.95,215.8,217.55,212.55,32890,-0.0155,2019-07-18
2019-07-19,203.75,216.8,216.8,200.1,294060,-0.0432,2019-07-19
2019-07-22,199.65,203.5,203.5,189,169940,-0.0201,2019-07-22
2019-07-23,199.9,199,208.9,197.5,126450,0.0013,2019-07-23
2019-07-24,196.35,197.5,200.65,194.55,93170,-0.0178,2019-07-24
2019-07-25,194.85,195.2,197.8,194.25,95510,-0.0076,2019-07-25
2019-07-26,194.8,195,196,193.85,42100,-0.0003,2019-07-26
2019-07-29,191.75,193.6,195.5,189.85,74130,-0.0157,2019-07-29
2019-07-30,153.4,153.4,153.4,153.4,122870,-0.2,2019-07-30
2019-07-31,122.75,122.75,122.75,122.75,149670,-0.1998,2019-07-31
2019-08-01,110.5,110.5,110.5,110.5,123260,-0.0998,2019-08-01
2019-08-02,99.45,99.45,99.45,99.45,169350,-0.1,2019-08-02
2019-08-05,89.55,89.55,89.55,89.55,49120,-0.0995,2019-08-05
2019-08-06,85.1,85.1,85.1,85.1,70010,-0.0497,2019-08-06
2019-08-07,80.85,80.85,80.85,80.85,91170,-0.0499,2019-08-07
2019-08-08,76.85,76.85,76.85,76.85,61620,-0.0495,2019-08-08
2019-08-09,73.05,73.05,73.05,73.05,62460,-0.0494,2019-08-09
2019-08-13,69.4,69.4,69.4,69.4,40430,-0.05,2019-08-13
2019-08-14,65.95,65.95,65.95,65.95,473890,-0.0497,2019-08-14
2019-08-16,62.7,62.7,62.7,62.7,283740,-0.0493,2019-08-16
2019-08-19,65.8,65.8,65.8,65.8,2260000,0.0494,2019-08-19
2019-08-20,69.05,69.05,69.05,69.05,219760,0.0494,2019-08-20
2019-08-21,72.5,72.5,72.5,68.6,5110000,0.05,2019-08-21
2019-08-22,76.1,75.45,76.1,74.25,1120000,0.0497,2019-08-22
2019-08-23,79.9,79.5,79.9,76.5,4460000,0.0499,2019-08-23
2019-08-26,83.85,83.5,83.85,83.5,486570,0.0494,2019-08-26
2019-08-27,87.2,88,88,82.6,4020000,0.04,2019-08-27
2019-08-28,82.85,89,89,82.85,1350000,-0.0499,2019-08-28
2019-08-29,78.75,78.75,78.75,78.75,233560,-0.0495,2019-08-29
2019-08-30,74.85,74.85,74.85,74.85,95220,-0.0495,2019-08-30
2019-09-03,71.15,71.15,71.15,71.15,52760,-0.0494,2019-09-03
2019-09-04,67.6,67.6,67.6,67.6,62510,-0.0499,2019-09-04
2019-09-05,64.25,64.25,64.25,64.25,91960,-0.0496,2019-09-05
2019-09-06,61.05,61.05,61.05,61.05,280670,-0.0498,2019-09-06
2019-09-09,64.1,64.1,64.1,64.1,658560,0.05,2019-09-09
2019-09-11,67.3,67.3,67.3,67.3,44360,0.0499,2019-09-11
2019-09-12,70.65,70.65,70.65,70.65,63710,0.0498,2019-09-12
2019-09-13,74.15,74.15,74.15,67.55,3710000,0.0495,2019-09-13
2019-09-16,73.95,76.8,77.85,71.8,3400000,-0.0027,2019-09-16
2019-09-17,72.75,77,77,71.4,1860000,-0.0162,2019-09-17
2019-09-18,72.2,74.15,76.35,71.2,1330000,-0.0076,2019-09-18
2019-09-19,68.6,72.9,73.8,68.6,545890,-0.0499,2019-09-19
2019-09-20,65.2,65.2,68,65.2,1680000,-0.0496,2019-09-20
2019-09-23,61.95,61.95,61.95,61.95,211190,-0.0498,2019-09-23
2019-09-24,58.9,58.9,58.9,58.9,261040,-0.0492,2019-09-24
2019-09-25,56,56,56,56,131010,-0.0492,2019-09-25
2019-09-26,53.2,53.2,53.2,53.2,150120,-0.05,2019-09-26
2019-09-27,50.55,50.55,53,50.55,1660000,-0.0498,2019-09-27
2019-09-30,48.05,48.05,48.05,48.05,179950,-0.0495,2019-09-30
2019-10-01,45.65,45.65,45.65,45.65,54440,-0.0499,2019-10-01
2019-10-03,43.4,43.4,43.4,43.4,163490,-0.0493,2019-10-03
2019-10-04,41.85,41.25,45.55,41.25,5770000,-0.0357,2019-10-04
2019-10-07,43.9,41.5,43.9,41.1,901270,0.049,2019-10-07
2019-10-09,43.7,45.5,45.5,42.75,637960,-0.0046,2019-10-09
2019-10-10,41.9,45.4,45.4,41.55,837890,-0.0412,2019-10-10
2019-10-11,39.85,42,42,39.85,583190,-0.0489,2019-10-11
2019-10-14,37.95,41,41,37.9,419390,-0.0477,2019-10-14
2019-10-15,36.1,37.95,37.95,36.1,569410,-0.0487,2019-10-15
2019-10-16,34.3,34.3,34.4,34.3,190320,-0.0499,2019-10-16
2019-10-17,35.05,32.6,35.95,32.6,1440000,0.0219,2019-10-17
2019-10-18,33.75,36.8,36.8,33.3,1160000,-0.0371,2019-10-18
2019-10-22,32.1,34.8,35.4,32.1,2130000,-0.0489,2019-10-22
2019-10-23,30.5,31.1,32.05,30.5,909190,-0.0498,2019-10-23
2019-10-24,29,30.8,30.8,29,852670,-0.0492,2019-10-24
2019-10-25,29,28.1,30.45,27.55,2870000,0,2019-10-25
2019-10-29,27.75,29.6,29.6,27.75,1460000,-0.0497,2019-10-29
2019-10-30,29.1,27.5,29.1,26.4,1630000,0.0486,2019-10-30
2019-10-31,30.55,30.55,30.55,30.55,379310,0.0498,2019-10-31
2019-11-01,32.05,32.05,32.05,32.05,68990,0.0491,2019-11-01
2019-11-04,33.65,33.65,33.65,33.65,60720,0.0499,2019-11-04
2019-11-05,35.3,35.3,35.3,35.3,49360,0.049,2019-11-05
2019-11-06,37.05,37.05,37.05,37.05,49020,0.0496,2019-11-06
2019-11-07,38.9,38.9,38.9,38.9,40070,0.0499,2019-11-07
2019-11-08,40.8,40.8,40.8,38.1,1860000,0.0488,2019-11-08
2019-11-11,41.2,41.5,41.7,38.8,3240000,0.0098,2019-11-11
2019-11-13,43.25,43.25,43.25,41.2,962550,0.0498,2019-11-13
2019-11-14,43.55,41.1,44.5,41.1,2220000,0.0069,2019-11-14
2019-11-15,45.7,45.7,45.7,45.7,521830,0.0494,2019-11-15
2019-11-18,47.95,47.95,47.95,47.95,233720,0.0492,2019-11-18
2019-11-19,50.3,50.3,50.3,50.3,344980,0.049,2019-11-19
2019-11-20,52.8,52.25,52.8,50.5,1990000,0.0497,2019-11-20
2019-11-21,55.4,55.4,55.4,51.2,2590000,0.0492,2019-11-21
2019-11-22,52.65,57,58,52.65,2210000,-0.0496,2019-11-22
2019-11-25,50.05,55.25,55.25,50.05,2350000,-0.0494,2019-11-25
2019-11-26,47.55,47.55,47.55,47.55,204370,-0.05,2019-11-26
2019-11-27,45.2,45.2,45.2,45.2,104400,-0.0494,2019-11-27
2019-11-28,47.45,42.95,47.45,42.95,2450000,0.0498,2019-11-28
2019-11-29,49.65,49.5,49.8,47.8,2550000,0.0464,2019-11-29
2019-12-02,50.9,50,51.95,47.6,1140000,0.0252,2019-12-02
2019-12-03,48.65,50.8,51.35,48.4,720550,-0.0442,2019-12-03
2019-12-04,48.85,48.8,49.9,47,392980,0.0041,2019-12-04
2019-12-05,47.85,49,49.4,47.3,448130,-0.0205,2019-12-05
2019-12-06,48.15,49,50.25,47.25,667080,0.0063,2019-12-06
2019-12-09,43.85,50,50,41.15,1530000,-0.0893,2019-12-09
2019-12-10,42.4,44.9,44.9,41.7,380460,-0.0331,2019-12-10
2019-12-11,42.2,41,42.7,40.3,353880,-0.0047,2019-12-11
2019-12-12,40.95,40.35,42.2,40.1,224090,-0.0296,2019-12-12
2019-12-13,40.85,40,41.45,39,251430,-0.0024,2019-12-13
2019-12-16,42.85,42.85,42.85,41,1370000,0.049,2019-12-16
2019-12-17,44.95,43.7,44.95,43.7,439730,0.049,2019-12-17
2019-12-18,46.6,47,47.15,46.1,498660,0.0367,2019-12-18
2019-12-19,44.3,44.3,44.3,44.3,79700,-0.0494,2019-12-19
2019-12-20,42.1,42.1,42.1,42.1,109470,-0.0497,2019-12-20
2019-12-23,41.5,40,43.9,40,677800,-0.0143,2019-12-23
2019-12-24,40.3,42.4,42.4,39.5,565520,-0.0289,2019-12-24
2019-12-26,40.2,41.5,42.3,39.5,154940,-0.0025,2019-12-26
2019-12-27,40.1,41.2,41.2,39.5,122760,-0.0025,2019-12-27
2019-12-30,40.35,41.2,41.2,40,93100,0.0062,2019-12-30
2019-12-31,40.3,41,41,40,88380,-0.0012,2019-12-31
2020-01-01,40,40,41.9,39.5,140860,-0.0074,2020-01-01
2020-01-02,38.95,40,40.85,38.5,299760,-0.0262,2020-01-02
2020-01-03,39.15,39.5,39.7,38.5,109980,0.0051,2020-01-03
2020-01-06,37.75,40,40,37.45,246000,-0.0358,2020-01-06
2020-01-07,39.6,39.6,39.6,37,223750,0.049,2020-01-07
2020-01-08,41.55,40.9,41.55,39.6,201340,0.0492,2020-01-08
2020-01-09,43.5,43.4,43.6,42.2,466850,0.0469,2020-01-09
2020-01-10,41.7,41.55,43.15,41.35,241430,-0.0414,2020-01-10
2020-01-13,39.65,39.65,41,39.65,187220,-0.0492,2020-01-13
2020-01-14,37.7,37.7,37.7,37.7,102260,-0.0492,2020-01-14
2020-01-15,35.85,35.85,35.85,35.85,84170,-0.0491,2020-01-15
2020-01-16,34.1,34.1,34.1,34.1,110940,-0.0488,2020-01-16
2020-01-17,32.4,32.4,32.4,32.4,122640,-0.0499,2020-01-17
2020-01-20,30.8,30.8,30.8,30.8,144030,-0.0494,2020-01-20
2020-01-21,29.3,29.3,29.3,29.3,158710,-0.0487,2020-01-21
2020-01-22,30.7,27.85,30.75,27.85,1240000,0.0478,2020-01-22
2020-01-23,32.2,30.15,32.2,30.15,258100,0.0489,2020-01-23
2020-01-24,33.8,33.8,33.8,33.8,115440,0.0497,2020-01-24
2020-01-27,32.15,33.8,35.2,32.15,510010,-0.0488,2020-01-27
2020-01-28,30.55,30.55,32,30.55,213340,-0.0498,2020-01-28
2020-01-29,30.8,30.5,31.55,29.05,317010,0.0082,2020-01-29
2020-01-30,32.3,32.3,32.3,31,302040,0.0487,2020-01-30
2020-01-31,32,30.85,33.85,30.7,457090,-0.0093,2020-01-31
2020-02-01,30.45,30.4,32,30.4,115600,-0.0484,2020-02-01
2020-02-24,28.9,28.9,28.9,28.9,64630,-0.0509,2020-02-24
2020-03-02,28.7,27.5,30.3,27.5,505540,-0.0069,2020-03-02
2020-03-09,27.3,27.3,27.3,27.3,26360,-0.0488,2020-03-09
2020-03-16,25.95,25.95,25.95,25.95,19390,-0.0495,2020-03-16
2020-03-23,24.7,24.7,24.7,24.7,8790,-0.0482,2020-03-23
2020-03-30,23.5,23.5,23.5,23.5,37750,-0.0486,2020-03-30
2020-04-07,22.35,22.35,22.35,22.35,21530,-0.0489,2020-04-07
2020-04-13,21.25,21.25,21.25,21.25,26030,-0.0492,2020-04-13
2020-04-20,20.2,20.2,20.2,20.2,85300,-0.0494,2020-04-20
2020-04-27,19.2,19.2,19.2,19.2,55690,-0.0495,2020-04-27
2020-05-04,18.25,18.25,18.25,18.25,54530,-0.0495,2020-05-04
2020-05-11,17.35,17.35,17.35,17.35,38470,-0.0493,2020-05-11
2020-05-18,16.5,16.5,16.5,16.5,32390,-0.049,2020-05-18
2020-05-26,15.7,15.7,15.7,15.7,53680,-0.0485,2020-05-26
2020-06-01,14.95,14.95,14.95,14.95,157320,-0.0478,2020-06-01
2020-06-08,15.65,14.25,15.65,14.25,2670000,0.0468,2020-06-08
2020-06-15,16.4,16.4,16.4,16.1,1650000,0.0479,2020-06-15
2020-06-22,17.2,17.2,17.2,17.2,1840000,0.0488,2020-06-22
2020-06-29,18.05,18.05,18.05,18.05,177560,0.0494,2020-06-29
2020-07-06,18.95,18.95,18.95,18.95,129820,0.0499,2020-07-06
2020-07-13,19.85,19.85,19.85,19.85,61100,0.0475,2020-07-13
2020-07-20,20.8,20.8,20.8,20.8,394010,0.0479,2020-07-20
2020-07-27,21.8,21.8,21.8,19.8,1730000,0.0481,2020-07-27
2020-08-03,22.85,22.85,22.85,22.85,240220,0.0482,2020-08-03
2020-08-10,23.95,23.95,23.95,23.95,263030,0.0481,2020-08-10
2020-08-17,25.1,25.1,25.1,24,844920,0.048,2020-08-17
2020-08-24,26.35,26.35,26.35,26.35,203460,0.0498,2020-08-24
2021-04-26,46.1,48.5,48.7,46.1,767030,0.7495,2021-04-26
2021-04-27,43.8,43.8,43.8,43.8,69890,-0.0499,2021-04-27
2021-04-28,41.65,41.65,41.65,41.65,26180,-0.0491,2021-04-28
2021-04-29,39.6,39.6,39.6,39.6,42220,-0.0492,2021-04-29
2021-04-30,37.85,37.65,41.55,37.65,5390000,-0.0442,2021-04-30
2021-05-03,36,36,37.75,36,1100000,-0.0489,2021-05-03
2021-05-04,34.2,34.2,34.2,34.2,169020,-0.05,2021-05-04
2021-05-05,32.5,32.5,32.5,32.5,104920,-0.0497,2021-05-05
2021-05-06,33.75,30.9,34.1,30.9,5680000,0.0385,2021-05-06
2021-05-07,32.1,33.9,34.15,32.1,2570000,-0.0489,2021-05-07
2021-05-10,30.55,31,34,30,3550000,-0.0483,2021-05-10
2021-05-11,33.8,30.6,35.2,30.35,5680000,0.1064,2021-05-11
2021-05-12,32,34.35,35,31.5,2710000,-0.0533,2021-05-12
2021-05-14,30.85,32.7,33,30.6,1880000,-0.0359,2021-05-14
2021-05-17,29.75,31.45,31.45,29.5,1730000,-0.0357,2021-05-17
2021-05-18,28.55,29.9,30.45,28.35,1940000,-0.0403,2021-05-18
2021-05-19,26.35,26.65,28.95,26.05,2900000,-0.0771,2021-05-19
2021-05-20,25.05,27,27.1,23.1,4880000,-0.0493,2021-05-20
2021-05-21,25.2,25.25,26.6,24.65,2320000,0.006,2021-05-21
2021-05-24,24.25,25.2,25.7,20.2,1890000,-0.0377,2021-05-24
2021-05-25,29.1,24.5,29.1,24.5,4710000,0.2,2021-05-25
2021-05-26,34.9,33,34.9,31.25,7030000,0.1993,2021-05-26
2021-05-27,41.45,38.55,41.85,35.2,24530000,0.1877,2021-05-27
2021-05-28,37.35,41.15,41.4,37.35,7430000,-0.0989,2021-05-28
2021-05-31,35.15,37.3,37.9,34.3,3710000,-0.0589,2021-05-31
2021-06-01,34.45,35.8,37.15,34.1,2960000,-0.0199,2021-06-01
2021-06-02,35.3,34.45,36,34.15,1910000,0.0247,2021-06-02
2021-06-03,35.6,36,37.25,35.05,1960000,0.0085,2021-06-03
2021-06-04,38.05,35.6,38.6,35.6,3330000,0.0688,2021-06-04
2021-06-07,41.85,38.45,41.85,37.5,5310000,0.0999,2021-06-07
2021-06-08,40.3,42.5,42.85,39.1,5060000,-0.037,2021-06-08
2021-06-09,38.8,41,41.4,38.45,2560000,-0.0372,2021-06-09
2021-06-10,40.85,39.55,42.65,39.2,4730000,0.0528,2021-06-10
2021-06-11,40.1,41.2,41.45,39.6,1780000,-0.0184,2021-06-11
2021-06-14,38.95,40.1,40.1,38.5,1660000,-0.0287,2021-06-14
2021-06-15,38.75,38.9,39.75,38.6,996470,-0.0051,2021-06-15
2021-06-16,38.5,38.5,39.95,37.65,1770000,-0.0065,2021-06-16
2021-06-17,38.25,37.5,39.1,37.35,820360,-0.0065,2021-06-17
2021-06-18,37.35,38.25,38.55,36.15,1110000,-0.0235,2021-06-18
2021-06-21,37.75,36.6,38.1,36.4,884200,0.0107,2021-06-21
2021-06-22,38.4,37.95,39.5,37.8,999770,0.0172,2021-06-22
2021-06-23,38.95,38.4,40.65,38,2340000,0.0143,2021-06-23
2021-06-24,38.2,39.35,39.6,38.05,628720,-0.0193,2021-06-24
2021-06-25,38,38.55,39,37.55,652500,-0.0052,2021-06-25
2021-06-28,41.8,38.7,41.8,38.55,8010000,0.1,2021-06-28
2021-06-29,41.5,42.95,44.1,40.6,4570000,-0.0072,2021-06-29
2021-06-30,40.25,41.75,42.7,40.1,1410000,-0.0301,2021-06-30
2021-07-01,41.3,38.7,41.95,38.5,2540000,0.0261,2021-07-01
2021-07-02,41.05,41.4,41.9,40.75,1130000,-0.0061,2021-07-02
2021-07-05,45.15,43.25,45.15,42.1,2820000,0.0999,2021-07-05
2021-07-06,47.3,47.5,49.65,46,9850000,0.0476,2021-07-06
2021-07-07,47.1,48,48.8,46.7,2490000,-0.0042,2021-07-07
2021-07-08,43.55,47.7,48.1,42.4,3520000,-0.0754,2021-07-08
2021-07-09,45.7,43.95,47.5,43,3200000,0.0494,2021-07-09
2021-07-12,46.3,46.35,47.45,45.85,1230000,0.0131,2021-07-12
2021-07-13,45.15,46.5,46.8,44.9,1130000,-0.0248,2021-07-13
2021-07-14,45.35,45.5,47.25,44.35,1760000,0.0044,2021-07-14
2021-07-15,43.8,45.9,46.2,43.5,1160000,-0.0342,2021-07-15
2021-07-16,43.7,43.5,44.55,43.5,861940,-0.0023,2021-07-16
2021-07-19,42.9,43,43.45,42.6,802390,-0.0183,2021-07-19
2021-07-20,41.45,42.1,43,40.55,1100000,-0.0338,2021-07-20
2021-07-22,42.8,41.75,43.5,41.75,1340000,0.0326,2021-07-22
2021-07-23,42.65,43.45,43.7,42.15,762170,-0.0035,2021-07-23
2021-07-26,41.75,42.9,43,41.55,772880,-0.0211,2021-07-26
2021-07-27,43.45,41.75,44.7,41,2540000,0.0407,2021-07-27
2021-07-28,41.9,43,43.4,41.15,882390,-0.0357,2021-07-28
2021-07-29,42,42,42.9,41.25,632160,0.0024,2021-07-29
2021-07-30,40.5,42.45,42.5,39.85,1700000,-0.0357,2021-07-30
2021-08-02,38.95,40.5,40.9,38.5,1500000,-0.0383,2021-08-02
2021-08-03,35.45,39.45,39.7,35.1,6070000,-0.0899,2021-08-03
2021-08-04,34.4,36.1,36.1,34,1840000,-0.0296,2021-08-04
2021-08-05,35.5,34.35,36,32.7,1480000,0.032,2021-08-05